chembl_id,generic_name,max_phase,mol_type,n_synonyms,brand_names,research_codes
CHEMBL100259,uridine,3.0,Small molecule,6,,nsc-20256
CHEMBL1005,remifentanil,4.0,Small molecule,11,remifentanil|remifentanil,gi 87084x|ids-nr-005
CHEMBL1006,amifostine,4.0,Small molecule,25,amifostine|amifostine|amifostine|amifostine|ethyol,nsc-296961|nsc-758236|wr-2721|wr-2721 trihydrate|ym-08310
CHEMBL1007,gonadorelin,4.0,Protein,12,fertiral lh-rh|gonadorelin|gonadorelin|relefact lh-rh,
CHEMBL101253,vatalanib,3.0,Small molecule,14,vatalanib|vatalanib,bay-86-5127|cgp-79787|k-222584|nvp-ptk787|ptk787
CHEMBL1014,candesartan cilexetil,4.0,Small molecule,13,amias|atacand|candesartan cilexetil|candesartan cilexetil|ratacand,nsc-758697|tcv-116
CHEMBL1023,bexarotene,4.0,Small molecule,19,bexarotene|bexarotene|bexarotene|bexarotene|targretin,lg-100069|lg100069|lgd-1069|lgd1069|nsc-747528
CHEMBL1024,ifosfamide,4.0,Small molecule,22,ifex|ifosfamide|ifosfamide|ifosfamide|ifosfamide,mjf 9325|mjf-9325|nsc-109724|z-4942|z4942
CHEMBL103,progesterone,4.0,Small molecule,28,crinone|cyclogest|endometrin|lutigest|milprosa,nsc-64377|nsc-9704|u 3672
CHEMBL1034,diclofenac sodium,4.0,Small molecule,123,acoflam|acoflam ret|acoflam sr|arthronac|arthrotec 50,gp 45840|gp-45840|nsc-756725
CHEMBL1042,cholecalciferol,4.0,Small molecule,73,accrete d3|aciferol d3|adcal-d3|biolife vitamin d3|cacit d3,cholecalciferol component of ak r215  colecalciferol|cholecalciferol component of ak-r215  colecalciferol|nsc-375571
CHEMBL1046,aminocaproic acid,4.0,Small molecule,30,amicar|aminocaproic|aminocaproic acid|aminocaproic acid|aminocaproic acid,177 j.d|177 j.d.|177 jd|177-jd|cl 10304
CHEMBL105,mitomycin,4.0,Small molecule,26,jelmyto|mitomycin|mitomycin|mitomycin|mitomycin,nsc-26980|ugn-101|ugn-102
CHEMBL105442,ci-1040,2.0,Small molecule,4,,pd-18435|pd-184352
CHEMBL1057,fluorescein,4.0,Small molecule,10,d & c yellow no. 7 k7133,ci 45350:1|nsc-667256|nsc-759114
CHEMBL1059,pregabalin,4.0,Small molecule,38,alzain|axalid|bonqat|lecaent|lyrica,ci-1008|nsc-759256|pd-144723|ynp-1807
CHEMBL106,fluconazole,4.0,Small molecule,25,canesten oral|diflucan|diflucan one|fluconazole|fluconazole,"bayt-006267|bayt006267|nsc-758661|uk-49,858|uk-49858"
CHEMBL1064,simvastatin,4.0,Small molecule,28,flolipid|lacersa|ranzolont|simvador|simvastatin,c10aa01|mk-0733|mk-733|nsc-758706
CHEMBL107,colchicine,4.0,Small molecule,20,colchicine component of colbenemid|colchicine component of col-probenecid|colchicine component of mitigare|colchicine component of proben-c|colcrys,nsc-757
CHEMBL1073,glipizide,4.0,Small molecule,23,glibenese|glipizide|glipizide|glipizide|glipizide,"cp-28,720|cp-28720|k 4024|k-4024|nsc-759120"
CHEMBL1076903,varenicline,4.0,Small molecule,7,varenicline,"cp-526,555|cp-526555"
CHEMBL1077896,ropivacaine,4.0,Small molecule,10,ropivacaine,tlc-590|tlc590
CHEMBL1078178,momelotinib,4.0,Small molecule,10,momelotinib|momelotinib,cyt-0387|cyt-11387|cyt-387|cyt387|gs-0387
CHEMBL1079175,mk-2206,2.0,Small molecule,2,,mk2206
CHEMBL1079742,erlotinib hydrochloride,4.0,Small molecule,15,erlotinib hydrochloride|erlotinib hydrochloride|erlotinib hydrochloride|tarceva,"cp-358|cp-358,774-01|cp-358774-01|osi-774"
CHEMBL1082,amoxicillin,4.0,Small molecule,73,amix 125|amix 250|amix 500|amopen|amoram,brl 2333|brl-2333|nsc-277174
CHEMBL1082407,enzalutamide,4.0,Small molecule,13,enzalutamide|enzalutamide|xtandi,mdv-3100|mdv3100
CHEMBL1083385,clopidogrel bisulfate,4.0,Small molecule,32,clopidogrel bgr (previously zylagren)|clopidogrel bisulfate|clopidogrel bisulfate|clopidogrel bisulfate component of clopidogrel/acetylsalicyclic acid teva|clopidogrel bisulfate component of duocover,sr 25990c|sr-25990c
CHEMBL108358,tiazofurin,2.0,Small molecule,8,tiazofurin|tiazofurine,ci-909|nsc-286193
CHEMBL1086218,valspodar,3.0,Protein,10,amdray|valspodar|valspodar|valspodar,psc 833|psc833|sdz psc 833|sdz-psc 833
CHEMBL1089636,ang1005,3.0,Protein,6,paclitaxel trevatide,ang-1005|ang1005
CHEMBL109,valproic acid,4.0,Small molecule,21,convulex|depakene|depakote|stavzor|valproic acid,44089|nsc-93819
CHEMBL1091644,linsitinib,3.0,Small molecule,13,linsitinib|linsitinib,asp-7487|osi-906|osi-906aa
CHEMBL1093458,endoxifen,3.0,Small molecule,5,,nsc-749798
CHEMBL1094636,niraparib,4.0,Small molecule,19,niraparib|niraparib|zejula,jnj-64091742|mk-4827|mk4827|zl-2306
CHEMBL109480,tanespimycin,3.0,Small molecule,12,tanespimycin|tanespimycin,17-aag|bms-722782|cnf-1010|cnf1010|kos-953
CHEMBL1095097,eplerenone,4.0,Small molecule,14,eplerenone|eplerenone|eplerenone|inspra,sc-66110|sc-6611o
CHEMBL1096562,methyl aminolevulinate,4.0,Small molecule,8,metvix,
CHEMBL1096882,fludarabine phosphate,4.0,Small molecule,15,fludara|fludarabine phosphate|fludarabine phosphate|fludarabine phosphate|oforta,nsc-312887|nsc-328002
CHEMBL1096885,valrubicin,4.0,Small molecule,14,valrubicin|valrubicin|valstar|valstar preservative free,ad 32|ad-32|nsc-246131
CHEMBL1098,bupivacaine,4.0,Small molecule,23,anekain|bupivacaine|bupivacaine|bupivacaine|bupivacaine component of zynrelef,br-003|liq-865|liq865|sky-0402|sky0402
CHEMBL1112,aripiprazole,4.0,Small molecule,28,abilify|abilify asimtufii|abilify maintena|abilify maintena kit|abilify mycite kit,nsc-759266|opc-14597|opc-31
CHEMBL1116,raloxifene hydrochloride,4.0,Small molecule,21,evirex|evista|optruma|ostiral|raloxifene hydrochloride,ly-156758|ly156758|nsc-706725
CHEMBL1117,idarubicin,4.0,Small molecule,7,idarubicin|idarubicin,
CHEMBL112,acetaminophen,4.0,Small molecule,115,abdine|acephen|acetaminophen|acetaminophen component of allay|acetaminophen component of anexsia,nsc-109028|nsc-3991
CHEMBL112302,sodium selenite,3.0,Small molecule,12,,nsc-347466
CHEMBL1129,trifluridine,4.0,Small molecule,19,t.f.t.|trifluridine|trifluridine|trifluridine|trifluridine component of lonsurf,nsc-529182|nsc-75520
CHEMBL11298,serine,3.0,Small molecule,10,serine|serine,nsc-118365
CHEMBL113,caffeine,4.0,Small molecule,43,caffeine component of anoquan|caffeine component of cafergot|caffeine component of darvon compound|caffeine component of dhc plus|caffeine component of esgic,fema no. 2224|nsc-5036
CHEMBL1130,doxifluridine,3.0,Small molecule,11,doxifluridine,nsc-758890|ro 219738|ro-219738
CHEMBL113051,gimatecan,2.0,Small molecule,2,gimatecan,
CHEMBL113178,selenomethionine,4.0,Small molecule,3,,nsc-760370
CHEMBL1133,oxybutynin chloride,4.0,Small molecule,19,ditropan|ditropan xl|gelnique|oxybutynin chloride|oxybutynin chloride,5058|mj 4309-1|mj-4309-1|nsc-759108
CHEMBL11359,cisplatin,4.0,Small molecule,29,cisplatin|cisplatin|cisplatin|cisplatin|platinol,cis-ddp|cisplatin component of int-230-6|cisplatin component of int230-6|nsc-119875
CHEMBL1140,niacinamide,4.0,Small molecule,20,freederm|niacinamide component of tpn|niacinamide component of vitaped|niatin|nicam,nsc-13128|nsc-27452
CHEMBL1144,pravastatin,4.0,Small molecule,8,pravastatin|pravastatin,c10aa03
CHEMBL1149,levocarnitine,4.0,Small molecule,14,carnitor|carnitor sf|levocarnitine|levocarnitine|levocarnitine,nsc-759132
CHEMBL1159650,clobetasol propionate,4.0,Small molecule,36,clarelux|clobaderm|clobetasol|clobetasol|clobetasol propionate,cci 4725|cci-4725|gr 2/925|gr-2/925|nsc-758634
CHEMBL1161,mometasone furoate,4.0,Small molecule,32,asmanex|asmanex hfa|asmanex twisthaler|elocon|mometasone furoate,las-41002|las41002|lyr-210|lyr210|nsc-746171
CHEMBL1166,argatroban,4.0,Small molecule,25,acova|argatroban|argatroban|argatroban|argatroban,dk-7419|gn-1600|gn1600|mci-9038|md-805
CHEMBL11672,roquinimex,2.0,Small molecule,8,roquinimex|roquinimex,fcf 89|fcf-89|ls 2616|ls-2616
CHEMBL1168,ramipril,4.0,Small molecule,31,altace|lopace|ramipril|ramipril|ramipril,c09aa05|hoe 498|hoe-498|nsc-758933
CHEMBL1170047,iniparib,3.0,Small molecule,7,iniparib|iniparib,bsi-201|sar240550
CHEMBL1171837,ponatinib,4.0,Small molecule,9,iclusig|ponatinib|ponatinib,ap-24534|ap24534
CHEMBL1172,desloratadine,4.0,Small molecule,41,aerius|allex|azomyr|clarinex|dasselta,nsc-759824|sch 34117|sch-34117
CHEMBL1173055,rucaparib,4.0,Small molecule,6,rucaparib|rucaparib,ag-14447
CHEMBL1173655,afatinib,4.0,Small molecule,31,afatinib|afatinib|gilotrif|giotrif,bibw-2992|bibw2992|nsc-750691
CHEMBL1175,duloxetine,4.0,Small molecule,8,duloxetine|duloxetine,ly-248686|ly248686
CHEMBL118,celecoxib,4.0,Small molecule,23,celebra|celebrex|celecoxib|celecoxib|celecoxib,dfn-15|dfn15|nsc-719627|nsc-758624|sc-58635
CHEMBL118218,irofulven,3.0,Small molecule,13,irofulven|irofulven,lp-100|mgi 114|mgi-114|mgi114|nsc-683863
CHEMBL1184,acetylcholine chloride,4.0,Small molecule,13,acetylcholine chloride|miochol|miochol-e|miphtel,nsc-755845
CHEMBL1186894,amrubicin,3.0,Small molecule,6,amrubicin,
CHEMBL118841,pyrazoloacridine,2.0,Small molecule,5,,nsc-366140|nsc-627168|pd 115934|pd-115934
CHEMBL1189025,brostallicin,2.0,Small molecule,5,brostallicin,
CHEMBL1189679,palonosetron,4.0,Small molecule,7,palonosetron,nsc-743769
CHEMBL1195136,snx 5422,2.0,Small molecule,4,,
CHEMBL1199324,fosaprepitant,4.0,Small molecule,6,fosaprepitant|ivemend,l-758298
CHEMBL1200330,pilocarpine hydrochloride,4.0,Small molecule,23,isopto carpine|ocusert|pilocarpine hydrochloride|pilocarpine hydrochloride component of betoptic pilo|piloc hcl,
CHEMBL1200335,testosterone enanthate,4.0,Small molecule,14,delatestryl|primoteston depot|testosterone enanthate|testosterone enanthate component of ditate-ds|xyosted (autoinjector),nsc-17591
CHEMBL1200339,phenylephrine hydrochloride,4.0,Small molecule,27,afrin 4 hour nasal spray|biorphen|fenilfar|fenox|immphentiv,nsc-757273
CHEMBL1200343,perindopril erbumine,4.0,Small molecule,14,aceon|coversyl|perindopril erbumine|perindopril erbumine|perindopril erbumine component of amlessa,mcn-a-2833-109|nsc-758929|s-9490-3
CHEMBL1200347,isopropamide iodide,4.0,Small molecule,19,darbid|isopropamide iodide|isopropamide iodide component of vesalium,nsc-15521|r-79|skf-4740
CHEMBL1200358,sodium phenylacetate,4.0,Small molecule,7,sodium phenylacetate|sodium phenylacetate component of ammonul|sodium phenylacetate component of ucephan,nsc-3039
CHEMBL1200374,exemestane,4.0,Small molecule,17,aromasin|exemestane|exemestane|exemestane|exemestane,fce-24304|fce24304|nsc-758907|pnu-155971
CHEMBL1200380,acyclovir sodium,4.0,Small molecule,14,acyclovir sodium|acyclovir sodium|zovirax,bw 248u|bw 248u sodium|bw-248u sodium|bw-248u-sodium|bw248u sodium
CHEMBL1200381,arginine hydrochloride,4.0,Small molecule,13,arginine hydrochloride|r-gene 10,nsc-203450|nsc-7914
CHEMBL1200391,tromethamine,4.0,Small molecule,16,tham|trometamol|trometamol|tromethamine|tromethamine component of tham-e,nsc-6365
CHEMBL1200392,doxylamine succinate,4.0,Small molecule,20,decapryn|doxylamine succinate|doxylamine succinate component of bendectin|doxylamine succinate component of bonjesta|doxylamine succinate component of diclectin,nsc-74772
CHEMBL1200395,orphenadrine citrate,4.0,Small molecule,12,norflex|orphenadrine citrate|orphenadrine citrate component of invagesic|orphenadrine citrate component of invagesic forte|orphenadrine citrate component of norgesic,nsc-757238
CHEMBL1200396,bupivacaine hydrochloride,4.0,Small molecule,33,bupivacaine hydrochloride|bupivacaine hydrochloride|bupivacaine hydrochloride component of duocaine|bupivacaine hydrochloride component of sensorcaine|bupivacaine hydrochloride kit,"ah-2250|lac-43|nsc-758631|win 11,318|win-11318"
CHEMBL1200406,dimenhydrinate,4.0,Small molecule,12,antemin|dimenhydrinate|dimenhydrinate|dramamine|vertigo-vomex s,nsc-117855
CHEMBL1200409,lidocaine hydrochloride,4.0,Small molecule,66,akten|alphacaine hydrochloride|anestacon|anodesyn|bismodyne,nsc-757420
CHEMBL1200410,procarbazine hydrochloride,4.0,Small molecule,20,matulane|natulan|procarbazine hydrochloride,nci-c 01810|nci-c-01810|nsc-77213|ro 4 6467/1|ro 4-6467/1
CHEMBL1200419,molindone hydrochloride,4.0,Small molecule,8,moban|molindone hydrochloride|molindone hydrochloride,en-1733a
CHEMBL1200431,gadopentetate dimeglumine,4.0,Small molecule,20,gadopentetate dimeglumine|gadopentetic acid|gadopentetic acid|magnevist,sh l 451 a|sh-l 451 a|sh-l-451-a|shl-451a
CHEMBL1200436,oxandrolone,4.0,Small molecule,21,anavar|oxandrin|oxandrolone|oxandrolone|oxandrolone,nsc-67068|sc 11585|sc-11585
CHEMBL1200446,tripelennamine hydrochloride,4.0,Small molecule,9,pbz-sr|tripelennamine hydrochloride,nsc-409943
CHEMBL1200473,cyclopentolate hydrochloride,4.0,Small molecule,14,ak-pentolate|akpentolate|alnide|cyclogyl|cyclopentolate hydrochloride,nsc-756706
CHEMBL1200475,daunorubicin citrate,4.0,Small molecule,5,daunoxome,
CHEMBL1200479,dicyclomine hydrochloride,4.0,Small molecule,14,bentyl|bentyl preservative free|dicyclomine hydrochloride|dicyclomine hydrochloride (preservative free)|dicyclomine hydrochloride (preservative-free),nsc-404381
CHEMBL1200480,octreotide acetate,4.0,Protein,20,bynfezia pen|mycapssa|octreotide acetate|octreotide acetate|octreotide acetate (preservative free),sms 201-995 ac|sms-201-995 ac|sms-201995-ac
CHEMBL1200485,sorafenib tosylate,4.0,Small molecule,12,nexavar|sorafenib accord|sorafenib tosylate,bay 54-9085|bay-54-9085
CHEMBL1200491,epinastine hydrochloride,4.0,Small molecule,14,elestat|epinastine hydrochloride|relestat,de-114|wal 801 cl|wal-801cl|wal-802-cl
CHEMBL1200496,calcium,4.0,Small molecule,4,,
CHEMBL1200497,cyclizine lactate,4.0,Small molecule,3,marezine,
CHEMBL1200501,goserelin acetate,4.0,Protein,9,novgos|zoladex|zoladex la,
CHEMBL1200509,histrelin acetate,4.0,Protein,7,supprelin|supprelin la|vantas,
CHEMBL1200511,gonadorelin acetate,4.0,Protein,20,gnrh|gonadorelin acetate|gonadotropin releasing hormone|lh releasing factor|lutrelef,abbott-41070
CHEMBL1200521,almotriptan malate,4.0,Small molecule,13,almotriptan malate|almotriptan malate|axert,"las 31416 d,l-malate acid|las-31416 d,l-malate acid|las-31416-d,l-malate-acid|pnu-180638e"
CHEMBL1200522,avobenzone,4.0,Small molecule,16,avobenzone|avobenzone|avobenzone component of anthelios sx|avobenzone component of capital soleil|avobenzone component of shade uvaguard,nsc-758680
CHEMBL1200523,cefazolin sodium,4.0,Small molecule,24,acef|ancef|cefazolin and dextrose|cefazolin sodium|cefazolin sodium,46083|nsc-291561|sk&f 41558|sk&f-41558
CHEMBL1200532,methdilazine hydrochloride,4.0,Small molecule,5,methdilazine hydrochloride|tacaryl,nsc-169091
CHEMBL1200534,moexipril hydrochloride,4.0,Small molecule,16,moexipril hydrochloride|moexipril hydrochloride|moexipril hydrochloride component of uniretic|perdix|univasc,ci 925|ci-925|rs-10085-197|spm 925|spm-925
CHEMBL1200539,calcium carbonate,4.0,Small molecule,47,adcal|albacar|cacit|calc 500|calcette,e-170(i)|ins-170(i)|ins no.170(i)|ndi 443
CHEMBL1200544,cephalexin,4.0,Small molecule,23,cephalexin|cephalexin|ceporex|keflet|keflex,66873|ly-66873
CHEMBL1200550,antazoline phosphate,4.0,Small molecule,3,antazoline phosphate component of vasocon-a,nsc-755865
CHEMBL1200554,triptorelin pamoate,4.0,Protein,10,trelstar|triptodur kit|triptorelin pamoate,
CHEMBL1200571,gadobenate dimeglumine,4.0,Small molecule,20,gadobenate dimeglumine|gadobenic acid|gadobenic acid|multihance|multihance multipack,b-19036|b1903617|b-19036/7|b19036/7
CHEMBL1200574,sodium chloride,4.0,Small molecule,76,aqsia (balanced salt soln)|askina|askina jet|balanced salt|broncho saline,b1655|ls-1700|nsc-77364|saline solution|sodium chloride component of rns-60  saline
CHEMBL1200582,aminolevulinic acid hydrochloride,4.0,Small molecule,19,ameluz|aminolevulinic acid hydrochloride|gleolan|gliolan|levulan,npc-07|nsc-18509
CHEMBL1200598,diethylstilbestrol diphosphate,4.0,Small molecule,4,fosfestrol|stilphostrol,
CHEMBL1200604,tropicamide,4.0,Small molecule,23,mydriacyl|mydriafair|nods|tropicacyl|tropicamide,nsc-757372|ro-1-7683
CHEMBL1200618,fexofenadine hydrochloride,4.0,Small molecule,24,allegra|allegra allergy|allegra hives|children's allegra allergy|children's allegra hives,"mdl 16,455a|mdl-16455a"
CHEMBL1200622,paricalcitol,4.0,Small molecule,13,paricalcitol|paricalcitol|paricalcitol|zemplar,compound 49510|compound-49510
CHEMBL1200625,strontium chloride sr 89,4.0,Small molecule,17,metastron|strontium chloride sr 89|strontium chloride sr-89,sms-2pa|sms2pa
CHEMBL1200638,dexbrompheniramine maleate,4.0,Small molecule,10,dexbrompheniramine maleate component of brompheril|dexbrompheniramine maleate component of disobrom|dexbrompheniramine maleate component of disophrol|dexbrompheniramine maleate component of drixoral|dexbrompheniramine maleate component of drixoral plus,
CHEMBL1200645,etoposide phosphate,4.0,Small molecule,12,etopophos|etopophos preservative free|etoposide phosphate,bmy 40481|bmy-40481|vp-16|vp16
CHEMBL1200659,enalapril maleate,4.0,Small molecule,36,aqumeldi|ednyt|enalapril maleate|enalapril maleate|enalapril maleate component of lexxel,mk-421|nsc-758143
CHEMBL1200660,isosorbide,4.0,Small molecule,16,ismotic|isosorbide|isosorbide|isosorbide,at-101|nsc-40725
CHEMBL1200675,toremifene citrate,4.0,Small molecule,10,fareston|toremifene citrate,fc-1157a|nsc-613680
CHEMBL1200681,montelukast sodium,4.0,Small molecule,11,montelukast sodium|montelukast sodium|singulair,mk-476|nsc-759107
CHEMBL1200694,sevoflurane,4.0,Small molecule,24,sevoflo|sevoflurane|sevoflurane|sevoflurane|sevoflurane,mr-6s4|mr_6s4|mr6s4|nsc-760367
CHEMBL1200699,doxycycline,4.0,Small molecule,24,doxirobe|doxychel|doxycycline|doxycycline|doxycycline,gs-3065
CHEMBL1200707,benzquinamide hydrochloride,4.0,Small molecule,3,emete-con,
CHEMBL1200711,omega-3-acid ethyl esters,4.0,Small molecule,23,doconexent (dha ethyl ester)|dualtis|icosapent (epa ethyl ester)|lovaza|nebbaro,k-85|k85|tak-085
CHEMBL1200721,estramustine phosphate sodium,4.0,Small molecule,10,emcyt,ro-21-8837-001|ro-218837-001
CHEMBL1200731,potassium chloride,4.0,Small molecule,68,diffu-k|duro-k|k+10|k+8|kaleorid,b1653|e 508|e-508|ins-508|ins no.508
CHEMBL1200735,moxifloxacin hydrochloride,4.0,Small molecule,19,avelox|minims|moxeza|moxifloxacin hydrochloride|moxifloxacin hydrochloride,al-15469a|bay 12-8039|bay-12-8039|nsc-758875
CHEMBL1200744,sodium fluoride f 18,4.0,Small molecule,16,fluorine f-18|sodium fluoride f 18|sodium fluoride f-18,
CHEMBL1200750,promethazine hydrochloride,4.0,Small molecule,31,anergan 25|genphen|mepergan|mymethazine fortis|phenergan,
CHEMBL1200751,mercaptopurine,4.0,Small molecule,22,mercaptopurine|mercaptopurine|mercaptopurine|puri-nethol|purinethol,nsc-755|nsc-759614
CHEMBL1200761,chlorotrianisene,4.0,Small molecule,14,chlorotrianisene|chlorotrianisene|tace,nsc-10108
CHEMBL1200764,methacholine chloride,4.0,Small molecule,9,methacholine chloride|provocholine,nsc-757090
CHEMBL1200769,tripelennamine citrate,4.0,Small molecule,3,pbz,nsc-757360
CHEMBL1200771,tridihexethyl chloride,4.0,Small molecule,3,pathilon,
CHEMBL1200775,leuprolide acetate,4.0,Protein,33,eligard|eligard kit|fensolvi kit|leuprolide acetate|leuprolide acetate,a-43818|abbott-43818|tap-144
CHEMBL1200776,cinacalcet hydrochloride,4.0,Small molecule,17,cinacalcet accordpharma|cinacalcet hydrochloride|cinacalcet mylan|mimpara|parareg,amg-073 hcl|amg073 hcl|amg073 hydrochloride
CHEMBL1200778,dexrazoxane hydrochloride,4.0,Small molecule,14,dexrazoxane hydrochloride|savene|totect|zinecard,adr-529 hydrochloride|icrf-187 hydrochloride
CHEMBL1200795,clemastine fumarate,4.0,Small molecule,13,clemastine fumarate|clemastine fumarate|clemastine fumarate|clemastine fumarate component of tavist-d|tavegil,
CHEMBL1200796,cyclophosphamide,4.0,Small molecule,27,cyclophosphamide|cytoxan|cytoxan (lyophilized)|endoxana|lyophilized cytoxan,b-518|nsc-26271|nsc-756711
CHEMBL1200803,solifenacin succinate,4.0,Small molecule,14,solifenacin succinate|solifenacin succinate|solifenacin succinate|vesicare|vesicare ls,ym-67905|ym67905|ym-905|ym905
CHEMBL1200809,azelastine hydrochloride,4.0,Small molecule,21,astelin|astepro|astepro allergy|azelastine hydrochloride|azelastine hydrochloride,a-5610|e-0659|w-2979m
CHEMBL1200810,doxercalciferol,4.0,Small molecule,16,doxercalciferol|doxercalciferol|doxercalciferol|hectorol,gz427397|tsa-840
CHEMBL1200814,acetazolamide sodium,4.0,Small molecule,7,acetazolamide sodium|diamox,
CHEMBL1200823,iron sucrose,4.0,Small molecule,17,iron sucrose|iron sucrose,xi-921
CHEMBL1200826,lithium carbonate,4.0,Small molecule,25,camcolit 250|camcolit 400|eskalith|eskalith cr|liskonum,"cp-15,467-61|cp-15467-61|cp-1546761|nsc-16895"
CHEMBL1200831,spirapril hydrochloride,4.0,Small molecule,7,renormax|spirapril hydrochloride,sch 33844|sch-33844
CHEMBL1200854,fluphenazine decanoate,4.0,Small molecule,17,decazate|depot|fluphenazine decanoate|modecate|modecate conc,nsc-169510|qd-10733|sq-10733
CHEMBL1200859,isosulfan blue,4.0,Small molecule,21,isosulfan blue|isosulfan blue|lymphazurin|sulphan blue,nsc-734902|p-1888|p-4125
CHEMBL1200863,melphalan hydrochloride,4.0,Small molecule,16,alkeran|evomela|hepzato|ivra|melphalan hydrochloride,cb 3025 hydrochloride|cb-3025 hydrochloride
CHEMBL1200873,phentolamine mesylate,4.0,Small molecule,13,oraverse|phentolamine mesylate|regitine|rogitine|ryzumvi,nv-101
CHEMBL1200880,diphemanil methylsulfate,4.0,Small molecule,7,diphemanil metilsulfate|prantal,nsc-41725
CHEMBL1200881,minocycline hydrochloride,4.0,Small molecule,28,acnamino|aknemin|aknemin 50|amzeeq|arestin,nsc-141993
CHEMBL1200891,oxyphencyclimine hydrochloride,4.0,Small molecule,4,daricon,nsc-528449
CHEMBL1200895,phenelzine sulfate,4.0,Small molecule,8,nardil|phenelzine sulfate,nsc-170957
CHEMBL1200906,oxyphenonium bromide,4.0,Small molecule,15,antrenyl|oxyphenonium bromide,ba-5473|c-5473|nsc-759248
CHEMBL1200907,trilostane,4.0,Small molecule,19,modrastane|modrenal|trilocur|trilorale|trilostane,"nsc-758904|win 24,540|win-24540"
CHEMBL1200914,tamsulosin hydrochloride,4.0,Small molecule,41,alphacard mr|bazetham mr|contiflo xl|cositam xl|diffundox,ly-253351|ly253351|r-(-)-ym-12617|ym-12617-1|ym-617
CHEMBL1200927,dexchlorpheniramine maleate,4.0,Small molecule,8,dexchlorpheniramine maleate|polaramine,nsc-759156
CHEMBL1200932,iopamidol,4.0,Small molecule,27,iopamidol|iopamidol|iopamidol|iopamidol|iopamidol-200,"sq 13,396|sq-13396"
CHEMBL1200935,darifenacin hydrobromide,4.0,Small molecule,14,darifenacin hydrobromide|darifenacin hydrobromide|emselex|enablex,uk-88525-04 (hydrobromide)
CHEMBL1200940,metoclopramide hydrochloride,4.0,Small molecule,34,"clopra|clopra-""yellow""|gastrese l.a.|gastrobid continus|gastroflux",ahr-3070-c|nsc-757117
CHEMBL1200948,trimipramine maleate,4.0,Small molecule,8,surmontil|trimipramine maleate|trimipramine maleate,nsc-758386
CHEMBL1200950,clidinium bromide,4.0,Small molecule,13,clidinium bromide|clidinium bromide|clidinium bromide|clidinium bromide component of librax|quarzan,nsc-756686|ro 2-3773|ro-2-3773|ro-23773
CHEMBL1200951,fluphenazine enanthate,4.0,Small molecule,11,moditen enant|prolixin enanthate,"sq 16,114|sq 16144"
CHEMBL1200959,methdilazine,4.0,Small molecule,5,methdilazine|tacaryl,
CHEMBL1200961,brompheniramine maleate,4.0,Small molecule,22,brompheniramine maleate|brompheniramine maleate component of biphetap|brompheniramine maleate component of bromanate|brompheniramine maleate component of bromanate dc|brompheniramine maleate component of bromanate dm,nsc-758652
CHEMBL1200967,bromodiphenhydramine hydrochloride,4.0,Small molecule,7,ambodryl|bromodiphenhydramine hydrochloride component of ambenyl|bromodiphenhydramine hydrochloride component of bromanyl,nsc-36113
CHEMBL1200969,dutasteride,4.0,Small molecule,21,avodart|dutasteride|dutasteride|dutasteride|dutasteride,gg-745|gi 198745|gi-198745|nsc-740477|nsc-759880
CHEMBL1200974,carbinoxamine maleate,4.0,Small molecule,7,carbinoxamine maleate|clistin|davenol|karbinal er,nsc-62362
CHEMBL1200976,idarubicin hydrochloride,4.0,Small molecule,16,idamycin|idamycin pfs|idarubicin hydrochloride|idarubicin hydrochloride|idarubicin hydrochloride,imi 30|imi-30|nsc-256439
CHEMBL1200981,epirubicin hydrochloride,4.0,Small molecule,15,ellence|epirubicin hydrochloride|epirubicin hydrochloride|pharmorubicin,imi-28|nsc-759195|wp-697
CHEMBL1201,thiothixene,4.0,Small molecule,21,navane|orbinamon|thiothixene|thiothixene|tiotixene,cp-12252-1|nsc-108165|p-4657 b|p-4657b
CHEMBL1201001,mechlorethamine hydrochloride,4.0,Small molecule,11,mustargen|valchlor,nsc-762
CHEMBL1201003,eletriptan hydrobromide,4.0,Small molecule,8,eletriptan hydrobromide|relpax,"nsc-759258|uk-116,044-04|uk-116044-04"
CHEMBL1201006,pyrilamine maleate,4.0,Small molecule,20,pyrilamine maleate|pyrilamine maleate component of prefrin-a,nsc-3604
CHEMBL1201010,fludrocortisone acetate,4.0,Small molecule,14,astonin|florinef|fludrocortisone acetate|fludrocortone|panotile,nsc-15186
CHEMBL1201011,quinapril hydrochloride,4.0,Small molecule,17,accupril|accupro|quinapril hydrochloride|quinapril hydrochloride|quinapril hydrochloride component of accuretic,ci 906|ci-906|nsc-758222
CHEMBL1201023,orphenadrine hydrochloride,4.0,Small molecule,7,disipal,nsc-82357
CHEMBL1201027,glycopyrronium bromide,4.0,Small molecule,55,cuvposa|dartisla odt|enurev breezhaler|glycopyrrolate|glycopyrrolate,ad-237|ahr-504|chf-5259|chf5259|nsc-250836
CHEMBL1201052,mesoridazine besylate,4.0,Small molecule,6,serentil,nsc-760073
CHEMBL1201066,venlafaxine hydrochloride,4.0,Small molecule,14,effexor|effexor xr|venlafaxine hydrochloride|venlafaxine hydrochloride,"nsc-745751|wy-45,030|wy-45030"
CHEMBL1201068,propiomazine hydrochloride,4.0,Small molecule,3,largon,
CHEMBL1201084,sodium iodide i 131,4.0,Small molecule,27,hicon|iodotope|oriodide|radiocaps-131|sodium iodide (131i),
CHEMBL1201087,cabergoline,4.0,Small molecule,19,cabaser|cabergoline|cabergoline|cabergoline|cabergoline,fce 21336|fce-21336
CHEMBL1201089,diphenhydramine citrate,4.0,Small molecule,2,,
CHEMBL1201101,testosterone cypionate,4.0,Small molecule,12,andro-cyp|azmiro|depotest|depo-testosterone|testosterone cypionate,nsc-9157
CHEMBL1201102,triflupromazine hydrochloride,4.0,Small molecule,6,vesprin,mc-4703|nsc-14959|nsc-17473
CHEMBL1201108,conivaptan hydrochloride,4.0,Small molecule,10,conivaptan hydrochloride|vaprisol,ci-1025|ym-087|ym087
CHEMBL1201112,nelarabine,4.0,Small molecule,22,arranon|atriance|nelarabine|nelarabine|nelarabine,506u|506u78|gw-506u78|may|nsc-686673
CHEMBL1201117,methocarbamol,4.0,Small molecule,16,delaxin|forbaxin|methocarbamol|methocarbamol|methocarbamol component of robaxisal,nsc-170960
CHEMBL1201119,liothyronine sodium,4.0,Small molecule,30,cynomel|cytomel|liothyronine sodium|tertroxin|thybon,nsc-758175|nsc-80774
CHEMBL1201129,decitabine,4.0,Small molecule,18,dacogen|decitabine|decitabine|decitabine|decitabine,dac|nsc-127716
CHEMBL1201136,titanium dioxide,4.0,Small molecule,25,dundee|e45 sun|reflectant,ci-(1975)no.77891|e 171|e-171|ins-171|ins no.171
CHEMBL1201138,leucovorin calcium,4.0,Small molecule,16,calcium folinate|leucovorin calcium|leucovorin calcium component of folfox|leucovorin calcium preservative free|wellcovorin,nsc-3590
CHEMBL1201139,megestrol acetate,4.0,Small molecule,21,megace|megace es|megestrol|megestrol|megestrol acetate,5071|bdh 1298|bdh-1298|nsc-71423|sc 10363
CHEMBL1201146,norethindrone acetate,4.0,Small molecule,27,aygestin|norethidrone acetate|norethindrone acetate|norethindrone acetate component of activella|norethindrone acetate component of combipatch,nsc-22844|sh-420
CHEMBL1201162,dorzolamide hydrochloride,4.0,Small molecule,13,cosopt pf|dorzolamide hydrochloride|dorzolamide hydrochloride|dorzolamide hydrochloride component of cosopt|trusopt,mk-507
CHEMBL1201179,lapatinib ditosylate,4.0,Small molecule,15,lapatinib ditosylate|tykerb|tyverb,gw-572016f|gw572016f
CHEMBL1201182,temsirolimus,4.0,Small molecule,11,temsirolimus|temsirolimus|torisel,cci-779
CHEMBL1201184,lanreotide acetate,4.0,Protein,9,lanreotide acetate|somatuline depot,bim-23014c
CHEMBL1201185,lanreotide,4.0,Protein,10,lanreotide|lanreotide|somatuline autogel|somatuline la,
CHEMBL1201190,levocetirizine dihydrochloride,4.0,Small molecule,17,levocetirizine dihydrochloride|levocetirizine dihydrochloride|xusal|xyzal|xyzal allergy 24hr,nsc-758898|ucb 28556|ucb-28556
CHEMBL1201191,levocetirizine,4.0,Small molecule,14,levocetirizine|levocetirizine|levocetirizine|xyzal,
CHEMBL1201192,armodafinil,4.0,Small molecule,16,armodafinil|armodafinil|armodafinil|nuvigil,cep-10952|cep-10953|crl-40982|nsc-751850|nsc-758711
CHEMBL1201193,levobupivacaine,4.0,Small molecule,11,levobupivacaine,
CHEMBL1201195,cefmetazole,4.0,Small molecule,7,cefmetazole|cefmetazole,u-72791
CHEMBL1201199,leuprolide,4.0,Protein,15,leuprorelin|leuprorelin,abbott-43818 free base|ckd-841|nsc-377526|tap-144 free base
CHEMBL1201225,iodine,3.0,Small molecule,11,,nsc-42355
CHEMBL1201230,magnesium,3.0,Small molecule,2,,
CHEMBL1201244,rocuronium,4.0,Small molecule,4,,
CHEMBL1201247,goserelin,4.0,Protein,10,goserelin|goserelin|goserelin,"ici 118,630|ici-118630"
CHEMBL1201255,histrelin,4.0,Protein,12,histrelin|histrelin,orf 17070|orf-17070|orf 17070rwj 17070|rwj 17070|rwj-17070
CHEMBL1201301,mangafodipir,4.0,Small molecule,4,mangafodipir,
CHEMBL1201320,esomeprazole,4.0,Small molecule,8,esomeprazole,a02bc05
CHEMBL1201334,triptorelin,4.0,Protein,19,decapeptyl|decapeptyl sr|gonapeptyl depot|triptorelin|triptorelin,"ay-25650|cl 118,532|cl-118532|wy-42462"
CHEMBL1201420,urokinase,4.0,Enzyme,13,abbokinase|kinlytic|ukidan|urokinase|urokinase,
CHEMBL1201421,pegaptanib sodium,4.0,Small molecule,14,macugen|pegaptanib sodium,eye-001|eye001|eyeoo1|nx-1838|nx1838
CHEMBL1201438,aldesleukin,4.0,Protein,21,aldesleukin|aldesleukin|aldesleukin|proleukin,ilt-101
CHEMBL1201451,albumin human,4.0,Protein,30,albuminar-5|albumin human component of abi-009|buminate|plasbumin,
CHEMBL1201458,ethiodized oil,4.0,Unknown,5,ethiodol|lipiodol,
CHEMBL1201460,dalteparin sodium,4.0,Oligosaccharide,21,dalteparin sodium|dalteparin sodium|dalteparin sodium|fragmin|low liquemine,b01ab04|fr-860|heparin fragment kabi 2165|kabi-2165
CHEMBL1201468,"estrogens, esterified",4.0,Unknown,12,"amnestrogen|esterified estrogens|estratab|estrogens, esterified component of menrium|evex",
CHEMBL1201474,colestipol hydrochloride,4.0,Unknown,15,colestid|colestid flavored colestid|colestid orange|colestipol|colestipol hydrochloride,nsc-147003
CHEMBL1201476,enoxaparin sodium,4.0,Oligosaccharide,26,clexane|enoxaparin sodium|enoxaparin sodium|enoxaparin sodium|enoxaparin sodium,pk 10169|pk-10169|rp 54563|rp-54563
CHEMBL1201477,polyestradiol phosphate,4.0,Small molecule,11,estradurin|polyest phos|polyestradiol phosphate,leo 114|leo-114
CHEMBL1201478,polyethylene glycol,3.0,Small molecule,16,macrogol,e-1521|ins-1521|ins no.1521
CHEMBL1201479,polyethylene glycol 3350,4.0,Small molecule,23,carbowax 3350|glycolax|lipo polyglycol 3350|lipoxol 3350 med|lumulse peg 3350,ner-1006|ner1006
CHEMBL1201481,porfimer sodium,4.0,Small molecule,20,photobarr|photofrin|porfimer sodium|porfimer sodium|porfimer sodium,"cl 184,116|cl-184,116|cl-184116"
CHEMBL1201506,gemtuzumab ozogamicin,4.0,Antibody drug conjugate,16,gemtuzumab ozogamicin|gemtuzumab ozogamicin|mylotarg,cdp-771|cma-676|cmc-676|l01xc05|way-cma-676
CHEMBL1201507,glatiramer acetate,4.0,Small molecule,11,copaxone|glatiramer acetate|glatiramer acetate|glatopa,cop-1|copolymer-1
CHEMBL1201509,"gonadotropin, chorionic",4.0,Protein,17,choragon|choriogonadotropin beta|chorionic gonadotrophin|equine chorionic gonadotropin|gonadotraphon lh,
CHEMBL1201514,pegademase bovine,4.0,Enzyme,7,adagen|pegademase|pegademase bovine,
CHEMBL1201528,vasopressin tannate,4.0,Protein,4,pitressin tannate,
CHEMBL1201529,technetium tc 99m sulfur colloid,4.0,Unknown,15,an-sulfur colloid|an-sulfur colloid kit|technecoll|technescan sulfur colloid|technetium tc 99m sulfur colloid,
CHEMBL1201532,thyrotropin,4.0,Unknown,10,thyrotrophin|thytropar,
CHEMBL1201533,thyrotropin alfa,4.0,Protein,13,thyrogen|thyrotropin alfa|thyrotropin alfa|thyrotropin alfa,gx-30
CHEMBL1201549,teriparatide acetate,4.0,Protein,12,parathar|teriparatide acetate,hpth 1-34|hpth-1-34|hpth 1-34 (acetate salt)
CHEMBL1201550,denileukin diftitox,4.0,Protein,23,denileukin diftitox|denileukin diftitox|denileukin diftitox|ontak,dab-389il2|dab389 il2|dab389il2|dab(sub 389)il2|e-7272
CHEMBL1201557,interferon alfacon-1,4.0,Protein,12,infergen|interferon alfacon-1|interferon alfacon-1|interferon alfacon-1,r-sifn-co|rsifnco
CHEMBL1201558,interferon alfa-2b,4.0,Protein,17,interferon alfa-2b|interferon alfa-2b|interferon alfa-2b|intron a|intron-a,sch 30500|sch-30500|sch30500
CHEMBL1201560,peginterferon alfa-2a,4.0,Protein,24,pegasys|peginterferon alfa-2a|peginterferon alfa-2a|peginterferon alfa-2a|peginterferon alfa-2a component of peginterferon,ro 25-8310/000|ro-25-8310/000|ro-258310000
CHEMBL1201561,peginterferon alfa-2b,4.0,Protein,18,peginterferon alfa-2b|peginterferon alfa-2b|peginterferon alfa-2b|peginterferon alfa-2b component of sylatron|peg-intron,
CHEMBL1201562,interferon beta-1a,4.0,Protein,18,avonex|cinnovex|interferon beta-1a|interferon beta-1a|interferon beta-1a,sng-001|sng001
CHEMBL1201563,interferon beta-1b,4.0,Protein,13,betaferon|betaseron|extavia|interferon beta-1b|interferon beta-1b,bay 86-5046|bay-86-5046
CHEMBL1201564,interferon gamma-1b,4.0,Protein,22,actimmune|immukin|interferon gamma|interferon gamma-1b|interferon gamma-1b,
CHEMBL1201565,epoetin alfa,4.0,Protein,15,abseamed|binocrit|epoetin alfa|epoetin alfa|epoetin alfa,
CHEMBL1201566,darbepoetin alfa,4.0,Protein,23,aranesp|aranesp sureclick|darbepoetin alfa|darbepoetin alfa|darbepoetin alfa,da-3880|krn-321|krn321|nesp
CHEMBL1201567,filgrastim,4.0,Protein,52,accofil|biograstim|filgrastim|filgrastim|filgrastim,ep-2006|fsk-0808|fsk0808|krn-8601|mbri-9901
CHEMBL1201568,pegfilgrastim,4.0,Protein,68,cegfila (previously pegfilgrastim mundipharma)|fulphila|grasustek|neulasta|neulasta sureclick,la ep 2006|la ep-2006|myl-1401h|tpi-120
CHEMBL1201572,etanercept,4.0,Protein,44,benepali|enbrel|erelzi|etanercept|etanercept,gp-2015|gp2015|gp2015c|hd203|lbec0101
CHEMBL1201573,oprelvekin,4.0,Protein,11,neumega|oprelvekin|oprelvekin,
CHEMBL1201574,onabotulinumtoxina,4.0,Unknown,10,botox/botox cosmetic|onabotulinumtoxina,rti-150|rti150
CHEMBL1201576,rituximab,4.0,Antibody,68,blitzima|mabthera|mabthera rituxan|ritemvia|rituxan,abp-798|abp798|bi695500|ct-p10|gp-2013
CHEMBL1201577,cetuximab,4.0,Antibody,19,cetuximab|cetuximab|erbitux,abp-494|c-225|c225|cmab-009|cmab009
CHEMBL1201580,adalimumab,4.0,Antibody,99,adalimumab|adalimumab|adalimumab|adalimumab beta|amgevita,avt-02|bi695501|ct-p17|ctp17|d2e7
CHEMBL1201581,infliximab,4.0,Antibody,50,flixabi|inflectra|infliximab|infliximab|infliximab,abp 710|bow015|ctp-13|ctp13|ni-071
CHEMBL1201583,bevacizumab,4.0,Antibody,95,abevmy|alymsys|avastin|avzivi|aybintio,12-igg1|ava-1|bat-1706|bevz-92|bevz92
CHEMBL1201585,trastuzumab,4.0,Antibody,74,herceptin|herwenda|herzuma|kadcyla|kanjinti,4d5v8|abp 980|abp-980|abp980|dmb-3111 (trastuzumab biosimilar)
CHEMBL1201587,alemtuzumab,4.0,Antibody,19,"alemtuzumab|alemtuzumab|alemtuzumab|campath mabcampath|campath mabcampath, lemtrada",campath-1h|gz-402673|gz402673|ldp-03
CHEMBL1201593,alteplase,4.0,Enzyme,20,actilyse|actilyse cathflo|activase|alteplase|alteplase,rt-pa
CHEMBL1201605,daclizumab,4.0,Antibody,16,daclizumab|daclizumab|daclizumab|daclizumab beta|zenapax,ro 24-7375|ro-24-7375
CHEMBL1201608,muromonab-cd3,4.0,Unknown,15,muromonab-cd3|muromonab-cd3|orthoclone okt3,l04aa02|okt-3|okt3
CHEMBL1201619,aprotinin,4.0,Unknown,25,aprotinin|aprotinin|aprotinin|trasylol,bayer a 128|bayer-a-128|bayera-128|riker 52g|riker-52g
CHEMBL1201636,hyaluronidase,4.0,Enzyme,16,hyalase|hyaluronidase|hyaluronidase|hyaluronidase|jalovis,
CHEMBL1201649,"estrogens, conjugated",4.0,Unknown,16,"estrogens, conjugated component of duavee|estrogens, conjugated component of premphase  conjugated estrogens|estrogens, conjugated component of prempro|estrogens, conjugated component of prempro  conjugated estrogens|premarin",g03ca57
CHEMBL1201657,heparin sodium,4.0,Oligosaccharide,32,heparin lock flush|heparin sodium|heparin sodium|heparin sodium component of defencath|heparin sodium component of embolex,s01xa14
CHEMBL1201659,chlorpheniramine polistirex,4.0,Small molecule,6,chlorpheniramine polistirex|chlorpheniramine polistirex component of codeprex|chlorpheniramine polistirex component of corsym|chlorpheniramine polistirex component of penntuss,
CHEMBL1201662,desirudin,4.0,Protein,17,desirudin|desirudin|desirudin|iprivask|revasc,cgp 39393|cgp-39393
CHEMBL1201666,lepirudin,4.0,Protein,11,lepirudin|lepirudin|refludan,
CHEMBL1201670,sargramostim,4.0,Protein,15,leukine|sargramostim|sargramostim|sargramostim,b1 61.012|b1-61012|rhu gm-csf|rhu-gm-csf
CHEMBL1201718,hyaluronidase (human recombinant),4.0,Enzyme,28,cumulase|hyaluronidase (human recombinant)|hyaluronidase (human recombinant) component of lispro-ph20  rhuph20|hylenex|hylenex recombinant,rhuph-20|rhuph20
CHEMBL1201723,sinecatechins,4.0,Unknown,9,sinecatechins|veregen,
CHEMBL1201733,pazopanib hydrochloride,4.0,Small molecule,12,pazopanib hydrochloride|votrient,gw-786034b|gw786034b
CHEMBL1201734,bendamustine hydrochloride,4.0,Small molecule,19,belrapzo|bendamustine hydrochloride|bendamustine hydrochloride|bendeka|ribomustine,nsc-138783|sdx-105|syb l-0501|sybl-0501
CHEMBL1201740,nilotinib hydrochloride monohydrate,4.0,Small molecule,11,tasigna,
CHEMBL1201746,pralatrexate,4.0,Small molecule,11,folotyn|pralatrexate|pralatrexate,nsc-754230|pdx
CHEMBL1201747,alcaftadine,4.0,Small molecule,10,alcaftadine|alcaftadine|lastacaft,r 89674|r-89674
CHEMBL1201748,cabazitaxel,4.0,Small molecule,19,cabazitaxel|cabazitaxel|cabazitaxel accord|jevtana|jevtana kit,nsc-761432|txd 258|txd-258|txd258|xrp 6258
CHEMBL1201752,ixabepilone,4.0,Small molecule,16,ixabepilone|ixabepilone|ixempra kit,bms-247550|bms 247550-01|bms-247550-01|nsc-747973
CHEMBL1201753,pitavastatin,4.0,Small molecule,8,pitavastatin|pitavastatin component of k-924  pivastatin,nsc-760423
CHEMBL1201759,bepotastine besylate,4.0,Small molecule,10,bepotastine besylate|bepreve,bb|tau-284
CHEMBL1201765,fesoterodine fumarate,4.0,Small molecule,13,fesoterodine fumarate|fesoterodine fumarate|toviaz,spm 8272|spm-8272|spm 907|spm-907
CHEMBL1201766,fospropofol,4.0,Small molecule,3,fospropofol,
CHEMBL1201770,methylnaltrexone bromide,4.0,Small molecule,21,methylnaltrexone bromide|methylnaltrexone bromide|relistor,moa728|mrz 2663br|mrz-2663br|mrz2663br
CHEMBL1201776,tapentadol,4.0,Small molecule,12,tapentadol|tapentadol,bn-200|bn 200 (base)|cg-5503|cg5503|cg5503 (base)
CHEMBL1201782,fosaprepitant dimeglumine,4.0,Small molecule,14,emend|focinvez|fosaprepitant dimeglumine|fosaprepitant dimeglumine|ivemend,mk-0517
CHEMBL1201785,hexaminolevulinate hydrochloride,4.0,Small molecule,10,cysview kit|hexaminolevulinate hydrochloride,p-1026|p-1206
CHEMBL1201821,palifermin,4.0,Protein,11,kepivance|palifermin|palifermin,
CHEMBL1201825,ranibizumab,4.0,Antibody,36,byooviz|lucentis|ranibizumab|ranibizumab|ranibizumab,bcd-300|fab-12 variant y0317|fyb-201|fyb201|pf-582
CHEMBL1201827,panitumumab,4.0,Antibody,14,panitumumab|panitumumab|vectibix,abx-egf|e7.6.3
CHEMBL1201831,certolizumab pegol,4.0,Antibody,15,certolizumab pegol|certolizumab pegol|certolizumab pegol|cimzia,cdp 870|cdp-870|cdp870|pha-738144
CHEMBL1201832,romiplostim,4.0,Protein,12,nplate|romiplostim|romiplostim,amg 531
CHEMBL1201833,golimumab,4.0,Antibody,11,golimumab|golimumab|simponi,cnto 148|cnto-148
CHEMBL1201834,canakinumab,4.0,Antibody,12,canakinumab|canakinumab|ilaris,acz-885|acz885
CHEMBL1201835,ustekinumab,4.0,Antibody,19,stelara|stelera|ustekinumab|ustekinumab|uzpruvo,cnto 1275|cnto-1275|tt-20
CHEMBL1201836,ofatumumab,4.0,Antibody,18,arzerra|kesimpta|ofatumumab|ofatumumab,2f2|gsk-1841157|gsk1841157|gski841157|humax-cd20
CHEMBL1201867,ferumoxytol,4.0,Unknown,11,feraheme|ferumoxytol|rienso,code 7228|code-7228|rienso
CHEMBL1202,ciprofloxacin hydrochloride,4.0,Small molecule,31,cetraxal|ciloxan|cipro|ciprofloxacin hydrochloride|ciprofloxacin hydrochloride,bay o 9867|bay-o-9867|bay o 9867 monohydrate|bay-o-9867 monohydrate
CHEMBL1206232,fosbretabulin,3.0,Small molecule,7,fosbretabulin,
CHEMBL120643,tocotrienol,3.0,Small molecule,3,,
CHEMBL121,rosiglitazone,4.0,Small molecule,20,avandia|nyracta|rosiglitazone|rosiglitazone|venvia,brl-49653|nsc-758698|tdz-01
CHEMBL122,rofecoxib,4.0,Small molecule,18,rofecoxib|rofecoxib|rofecoxib|vioxx,m01ah02|mk-0966|mk0966|mk-966|nsc-720256
CHEMBL1220,tinidazole,4.0,Small molecule,23,fasigyn|simplotan|symplotan|tindamax|tinidazole,"cp-12,574|cp-12574|nsc-758189"
CHEMBL1222250,dextrose,4.0,Small molecule,32,capd|clintec|dextro energy|dextrogel|dextrose component of navstel,d5w|nsc-406891
CHEMBL1224,acrivastine,4.0,Small molecule,12,acrivastine|acrivastine|acrivastine|acrivastine component of semprex-d|benadryl allgy relief plus decongest,bw 825c|bw-825c
CHEMBL1229517,vemurafenib,4.0,Small molecule,16,vemurafenib|vemurafenib|zelboraf,plx-4032|plx4032|rg 7204|rg-7204|ro 5185426
CHEMBL1230191,triphosphate,3.0,Small molecule,1,,
CHEMBL1230227,sabarubicin,2.0,Small molecule,4,sabarubicin,
CHEMBL1230609,foretinib,2.0,Small molecule,13,foretinib|foretinib,exel-2880|gsk-089|gsk089|gsk-1363089|gsk-1363089g
CHEMBL1231,oxybutynin,4.0,Small molecule,22,contimin 2.5|contimin 5|cystrin|kentera|kentera (previously oxybutynin nicobrand),
CHEMBL1232461,molibresib,2.0,Small molecule,9,molibresib|molibresib,gsk-525762|gsk525762|gsk-525762a|gsk525762a|i-bet 762
CHEMBL1232993,gadolinium,2.0,Small molecule,3,,gd
CHEMBL1233528,volasertib,3.0,Small molecule,7,volasertib|volasertib,bi 6727|bi-6727|bi6727
CHEMBL1234270,arfolitixorin,3.0,Small molecule,10,arfolitixorin|arfolitixorin|modufolin,"[6r]-5,10-methylenetetrahydrofolate ([6r]-5,10- mthf)|iso-901"
CHEMBL1234354,pf-04691502,2.0,Small molecule,2,,pf-4691502
CHEMBL1234579,nitrous oxide,4.0,Small molecule,18,entonox,e-942|fema no. 2779|ins-942|ins no.942
CHEMBL1234886,oxygen,4.0,Small molecule,20,medicinal oxygen air liquide sante,e-948|ins-948|ins no.948|oxygen component of rns-60|oxygen component of rns60
CHEMBL1235478,platinum,3.0,Small molecule,10,,pt
CHEMBL1236682,refametinib,2.0,Small molecule,14,refametinib,bay 869766|bay-86-9766|bay-869766|bay86-9766|bay869766
CHEMBL1237,lisinopril anhydrous,4.0,Small molecule,1,,
CHEMBL1237022,tocilizumab,4.0,Antibody,35,actemra roactemra|roactemra|tocilizumab|tocilizumab|tofidence,atlizumab|bat-1806|bat1806|biib-800|mra
CHEMBL1237023,denosumab,4.0,Antibody,35,"denosumab|denosumab|jubbonti|prolia|prolia, ranmark xgeva",amg 162|amg-162|amg162|ctp-41|ctp41
CHEMBL1237024,sipuleucel-t,4.0,Cell,6,sipuleucel-t,apc-8015|apc8015
CHEMBL1237044,tramadol,4.0,Small molecule,13,tramadol|tramadol,cg-315e|e-265|e265|ets-6103|ets6103
CHEMBL1237054,plicamycin,4.0,Small molecule,19,mithracin|plicamycin|plicamycin|plicamycin,a-2371|antibiotic la-7017|la-7017|nsc-24559|pa-144
CHEMBL1237065,tramadol hydrochloride,4.0,Small molecule,56,aceon|conzip|dromadol sr|dromadol xl|invodol sr,"cg-315|cg-315e|nih-10969|nsc-759105|u-26,225a"
CHEMBL1237080,granisetron hydrochloride,4.0,Small molecule,18,granisetron hydrochloride|granisetron hydrochloride|granisetron hydrochloride preservative free|granisol|granisteron hydrochloride,brl 43694a|brl-43694a|nsc-759839
CHEMBL1237102,levocabastine hydrochloride,4.0,Small molecule,10,levocabastine hydrochloride|livostin,"r 50,547|r-50547"
CHEMBL1240,propantheline bromide,4.0,Small molecule,10,pro-banthine|propantheline bromide|propantheline bromide,nsc-757294
CHEMBL1241855,rigosertib,3.0,Small molecule,5,rigosertib|rigosertib,on 01910|on01910
CHEMBL1252,abarelix,4.0,Protein,12,abarelix|abarelix|plenaxis,ppi-149|r-382|r382|r-3827|r3827
CHEMBL1256391,pirfenidone,4.0,Small molecule,17,esbriet|pirfenidone|pirfenidone|pirfenidone axunio (previously pirfenidone aet)|pirfenidone component of esbriet,amr-69|nsc-748456
CHEMBL1257030,lonidamine,3.0,Small molecule,7,lonidamine,nsc-741419|nsc-758419
CHEMBL126,linezolid,4.0,Small molecule,16,linezolid|linezolid|linezolid|linezolid|zyvox,"u-100,766|u-100766"
CHEMBL126648,plevitrexed,2.0,Small molecule,6,plevitrexed,nsc-696259|zd-9331|zd9331
CHEMBL127,meropenem,4.0,Small molecule,25,meropenem|meropenem|meropenem|meropenem|meropenem component of vabomere,"ici 194,660|ici-194660|nsc-759621|sm-7338"
CHEMBL1274,nilutamide,4.0,Small molecule,15,anadron|nilandron|nilutamide|nilutamide|nilutamide,nsc-758683|ru 23908|ru-23908
CHEMBL1276308,mifepristone,4.0,Small molecule,20,korlym|mifegyne|mifeprex|mifepristone|mifepristone,nsc-759862|ru 38486|ru-38486|ru 486|ru-486
CHEMBL1278146,famitinib,3.0,Small molecule,4,famitinib,shr1020
CHEMBL1282,imiquimod,4.0,Small molecule,21,aldara|imiquimod|imiquimod|imiquimod|imiquimod,nsc-369100|nsc-759651|r-837|s-26308|s26308
CHEMBL1286,levetiracetam,4.0,Small molecule,40,desitrend|elepsia xr|keppra|keppra xr|levetiracetam,agb-101|n03ax14|nsc-760119|ucb 22059|ucb-22059
CHEMBL1287853,fedratinib,4.0,Small molecule,10,fedratinib|fedratinib,sar-302503|sar302503|tg-101348|tg101348
CHEMBL1289494,tivozanib,4.0,Small molecule,24,tivozanib|tivozanib,asp-4130|av-951|kil-8951|kil8951|krn-951
CHEMBL1289601,lenvatinib,4.0,Small molecule,9,kisplyx|lenvatinib|lenvatinib,e-7080|er-203492-00
CHEMBL1289926,axitinib,4.0,Small molecule,13,axitinib|axitinib|inlyta,ag-013736|ag-13736|nsc-757441
CHEMBL12948,semustine,3.0,Small molecule,10,semustine|semustine,icig 1110|icig-1110|methyl-ccnu|nsc-758471
CHEMBL13,metoprolol,4.0,Small molecule,14,metoprolol|metoprolol|metoprolol,cgp-2175|h-93/26
CHEMBL131,prednisolone,4.0,Small molecule,59,cortalone|dekotil|delta-cortef|deltacortril|deltalone,nsc-9120|nsc-9900
CHEMBL1314751,prochlorperazine maleate,4.0,Small molecule,12,buccastem|buccastem m|compazine|prochlorperazine maleate|procomp,
CHEMBL1321,procarbazine,4.0,Small molecule,9,procarbazine|procarbazine,ro-4-6467|ro-4-6467 free base
CHEMBL132530,formestane,2.0,Small molecule,9,formestane|lentaron,cgp 32349|cgp-32349|nsc-282175
CHEMBL1330596,racemetyrosine,3.0,Small molecule,15,racemetirosine|racemetyrosine,dnp-01|racemetyrosine component of sm-88|sm-88
CHEMBL1336,sorafenib,4.0,Small molecule,8,sorafenib|sorafenib,bay 43-9006|bay-43-9006
CHEMBL1339,vardenafil hydrochloride,4.0,Small molecule,19,levitra|staxyn|vardenafil hydrochloride|vardenafil hydrochloride|vivanza,bay 38-9456|bay-38-9456
CHEMBL134,clonidine,4.0,Small molecule,21,catapres-tts-1|catapres-tts-2|catapres-tts-3|clonidine|clonidine,st-155-bs|st-155bs
CHEMBL1341,methoxyflurane,4.0,Small molecule,20,methoxyflurane|methoxyflurane|methoxyflurane|metofane|penthrane,da-759|nsc-110432
CHEMBL1349,valacyclovir,4.0,Small molecule,8,valaciclovir|valaciclovir,
CHEMBL135,estradiol,4.0,Small molecule,93,adgyn estro|alora|aquagen|bedol|climara,nsc-20293|nsc-9895|s 21400|s21400|s21400 (intranasal)
CHEMBL1351,carboplatin,4.0,Small molecule,18,carboplatin|carboplatin|carboplatin|carboplatin|paraplatin,jm-8|nsc-201345|nsc-241240
CHEMBL1352,nitric acid,3.0,Small molecule,2,,
CHEMBL1353,sodium bicarbonate,4.0,Small molecule,38,monosodium carbonate|nurse harveys|s-bicarb|s-bicarb sf|sodibic,b1654|e-500(ii)|ins-500(ii)|ins no.500(ii)|nsc-134031
CHEMBL1354,sodium acetate,4.0,Small molecule,20,sodium acetate component of procalamine,e-262(i)|fema no. 3024|ins-262(i)|ins no.262(i)|nsc-77459
CHEMBL1354199,methscopolamine bromide,4.0,Small molecule,12,methscopolamine bromide|pamine|pamine forte,nsc-120606
CHEMBL135626,ethane,2.0,Small molecule,3,,
CHEMBL1357,sodium lactate,4.0,Small molecule,17,compound solution of sodium lactate|sod lact co,e-325|ins-325|ins no.325|nsc-31718
CHEMBL1358,fulvestrant,4.0,Small molecule,18,faslodex|fulvestrant|fulvestrant|fulvestrant|fulvestrant mylan,"ici 182,780|ici-182780|nsc-759879|zd-9238|zd9238"
CHEMBL1364,pyridoxine,4.0,Small molecule,15,pyridoxine|pyridoxine component of vitaped,nsc-759148
CHEMBL1364144,methylprednisolone acetate,4.0,Small molecule,13,depo-medrol|depo-medrone|medrol acetate|methylprednisolone acetate|methylprednisolone acetate component of neo-medrol acetate,nsc-48985
CHEMBL1366,auranofin,4.0,Small molecule,16,auranofin|auranofin|auranofin|ridaura,nsc-321521|sk-39162|sk&f 39162|sk&f-39162
CHEMBL136737,nimustine,2.0,Small molecule,5,nimustine,nsc-758675
CHEMBL137,metronidazole,4.0,Small molecule,60,acea|anabact|drazifon|elyzol|flagyl,bay-5360|bayer 5360|bayer-5360|nsc-50364|nsc-69587
CHEMBL1370,budesonide,4.0,Small molecule,49,aircort|budeflam aquanase|budelin novolizer|budenofalk|budesonide,map-0010|map0010|nsc-757788|r01ad05|s-1320
CHEMBL1372,oxiglutatione,4.0,Small molecule,8,oxiglutatione|oxiglutatione component of navstel,
CHEMBL1373,modafinil,4.0,Small molecule,26,modafinil|modafinil|modafinil|modafinil|provigil,cep 1538|cep-1538|crc-40476|crl 40476|crl-40476
CHEMBL1386,transplatin,3.0,Small molecule,6,,nsc-131558
CHEMBL1389,levonorgestrel,4.0,Small molecule,76,athentia next|emerres|emerres una|ezinelle|fallback solo,bay86-5028|nsc-744007|wy-5104
CHEMBL1393,spironolactone,4.0,Small molecule,33,abbolactone|aldactone|carospir|diatensec|gx spironol,nsc-150399|sc-9420
CHEMBL1395,methyltestosterone,4.0,Small molecule,33,android|android 10|android 25|android 5|metandren,cdb-110|l 589.372|l-589.372|l-589372|nsc-139965
CHEMBL139835,cyproterone acetate,3.0,Small molecule,18,androcur|androcur 10|cyprostat|cyproterone|cyproterone,nsc-81430|sh 714|sh-714|sh714
CHEMBL1399,anastrozole,4.0,Small molecule,21,anastrozole|anastrozole|anastrozole|anastrozole|arimidex,ici d1033|ici-d1033|nsc-719344|nsc-759855|zd-1033
CHEMBL14,carbachol,4.0,Small molecule,13,carbachol|carbachol|carbastat|doryl|miostat,nsc-32865
CHEMBL140,curcumin,3.0,Small molecule,24,,e 100|e-100|e100|ins-100(i)|ins no. 100(i)
CHEMBL141,lamivudine,4.0,Small molecule,39,epivir|epivir-hbv|lamivudine|lamivudine|lamivudine,"3tc|bch 189, (-)-|gr 109714x|gr-109714x|gr109714x"
CHEMBL1417019,mitoxantrone hydrochloride,4.0,Small molecule,14,mitoxantrone hydrochloride|mitoxantrone hydrochloride|mitozantrone|novantrone,"cl 232,315|cl-232315|nsc-301739"
CHEMBL1420319,limantrafin,2.0,Small molecule,7,limantrafin,cb-103
CHEMBL1421,dasatinib anhydrous,4.0,Small molecule,5,dasatinib accord|dasatinib accordpharma|dasatinib (anhydrous),bms-354825
CHEMBL142438,nitrogen,4.0,Small molecule,14,,e-941|ins-941|ins no.941
CHEMBL142464,cgc-11047,2.0,Small molecule,3,,sl 11047|sl 47
CHEMBL142703,vildagliptin,4.0,Small molecule,20,equa|galvus|jalra|vildagliptin|vildagliptin,laf 237|laf-237|laf237|nvp-laf 237|nvp-laf237
CHEMBL1429,desmopressin,4.0,Protein,10,desmopressin|desmopressin,h01ba02
CHEMBL1430,penicillamine,4.0,Small molecule,21,cuprimine|depen|distamine|d mercaptovaline|d penicillamine,nsc-758421|nsc-81549
CHEMBL1431,metformin,4.0,Small molecule,10,metformin|metformin|metformin,la-6023
CHEMBL1434,minocycline,4.0,Small molecule,7,minocycline|minocycline|minocycline,
CHEMBL1435,cefazolin,4.0,Small molecule,7,cefazolin,j01db04
CHEMBL14376,iloperidone,4.0,Small molecule,13,fanapt|iloperidone|iloperidone|iloperidone|iloperidone,hp 873|hp-873
CHEMBL1444,letrozole,4.0,Small molecule,17,femara|letrozole|letrozole|letrozole|letrozole,cgs 20267|cgs-20267|nsc-759652
CHEMBL1445,fluoxymesterone,4.0,Small molecule,15,android-f|androxy|fluoxymesterone|fluoxymesterone|halotestin,nsc-10704|nsc-12165
CHEMBL1446,kanamycin sulfate,4.0,Small molecule,13,kanamycin sulfate|kantrex|klebcil,nsc-757068
CHEMBL1448,niclosamide,4.0,Small molecule,22,ex a lint|lintex|niclocide|niclosamide|niclosamide,bay 2353|bay-2353|nsc-178296|wr 46234
CHEMBL1448187,fluphenazine hydrochloride,4.0,Small molecule,14,fluphenazine hydrochloride|moditen|permitil|prolixin,nsc-179197|squibb 4918
CHEMBL1449676,ornidazole,4.0,Small molecule,12,ornidazole|ornidazole|tiberal,nsc-95075|ro 7-0207|ro-7-0207|ro-70207
CHEMBL145,caffeic acid,3.0,Small molecule,10,,"2-propenoic acid, 3-(3,4-dihydroxyphenyl)-, (2e)-|nsc-57197|nsc-623438"
CHEMBL1450,atovaquone,4.0,Small molecule,19,atovaquone|atovaquone|atovaquone|atovaquone|atovaquone component of malarone,566c|566c80|nsc-759582
CHEMBL1455,altretamine,4.0,Small molecule,14,altretamine|altretamine|altretamine|hexalen|hexastat,nsc-13875
CHEMBL1456,mycophenolate mofetil,4.0,Small molecule,21,arzip|cellcept|myclausen|mycophenolate mofetil|mycophenolate mofetil,nsc-724229|nsc-758905|rs-61443
CHEMBL1457,hydrocodone,4.0,Small molecule,9,hydrocodone|hydrocodone,nsc-19044
CHEMBL146032,lonaprisan,2.0,Small molecule,8,lonaprisan|lonaprisan,bay86-5044|zk 230211|zk-230211|zk230211
CHEMBL1464,warfarin,4.0,Small molecule,9,choice|warfarin,nsc-59813
CHEMBL146428,imexon,2.0,Small molecule,4,imexon|imexon,nsc-313425
CHEMBL1467,allopurinol,4.0,Small molecule,35,allopurinol|allopurinol|allopurinol|allopurinol|allopurinol component of duzallo,bw 56-158|bw-56-158|nsc-101655|nsc-1390
CHEMBL1469,phenylbutanoic acid,4.0,Small molecule,1,,
CHEMBL146972,phosphorylethanolamine,2.0,Small molecule,3,,nsc-254167
CHEMBL1471,aprepitant,4.0,Small molecule,31,aponvie|aprepitant|aprepitant|aprepitant|cinvanti,"l-754,030|mk-0869|mk-869|nsc-748825"
CHEMBL1472,protirelin,4.0,Protein,28,protirelin|protirelin|protirelin|thypinone|thyrel trh,a-38579|abbott-38579|nsc-760113|synthetic trh
CHEMBL1479,danazol,4.0,Small molecule,15,danazol|danazol|danazol|danazol|danocrine,"nsc-270916|win 17,757|win-17757"
CHEMBL1482,bethanechol,4.0,Small molecule,2,,
CHEMBL1485,arginine,3.0,Small molecule,7,arginine,nsc-206269
CHEMBL1487,atorvastatin,4.0,Small molecule,24,atorvastatin|atorvastatin|cardyl|lipitor|prevencor,
CHEMBL1488,uracil mustard,4.0,Small molecule,10,uracil mustard|uracil mustard|uramustine|uramustine,nsc-34462|u-8344
CHEMBL1488165,pidotimod,2.0,Small molecule,6,pidotimod,nsc-759841
CHEMBL1489,azacitidine,4.0,Small molecule,24,azacitidine|azacitidine|azacitidine|azacitidine accord|azacitidine betapharm,"nsc-102816|u-18,496|u-18496"
CHEMBL1496,rosuvastatin,4.0,Small molecule,11,rosuvastatin|rosuvastatin,zd-4522|zd4522
CHEMBL1501,fluocinonide,4.0,Small molecule,20,fluocinonide|fluocinonide|fluocinonide|fluocinonide|fluocinonide emulsified base,nsc-101791
CHEMBL1502,pantoprazole,4.0,Small molecule,23,pantoprazole|pantoprazole|pantoprazole|protium|protium i.v.,by 1023|by-1023|by1023|nsc-759257|sk-96022
CHEMBL1503,omeprazole,4.0,Small molecule,28,antra|losec|losec mups|mezzopram|mopral,h 168/68|h-168/68|nsc-751450|nsc-759192
CHEMBL1504,triamcinolone acetonide,4.0,Small molecule,67,adcortyl|adcortyl in orabase|allernaze|aristocort|aristocort a,fx-006|fx006|nsc-21916
CHEMBL1508,escitalopram,4.0,Small molecule,19,cipralex|escitalopram,lu-26-054
CHEMBL1512580,xaliproden,3.0,Small molecule,11,xaliproden|xaliproden|xaliproden,sr 57746|sr-57746|sr57746
CHEMBL1519,trandolapril,4.0,Small molecule,17,gopten|indolapril|mavik|odrik|trandolapril,nsc-758939|ru 44570|ru-44570
CHEMBL15192,lapachone,2.0,Small molecule,12,,arq 501|arq-501|mb-12066|nsc-26326|nsc-629749
CHEMBL1520188,clodronate disodium,3.0,Small molecule,13,bonefos|clodronate disodium,177501|zk 00091106|zk-00091106
CHEMBL1528,sodium fluoride,4.0,Small molecule,28,dentiplus|duraphat|en-de-kay|fluor-a-day|fluorigard,nsc-77385
CHEMBL1533310,histamine dihydrochloride,4.0,Small molecule,13,allergen scratch extract positive control 'torii' histamine dihydrochloride|ceplene|histamine dihydrochloride,nsc-257873
CHEMBL1535,hydroxychloroquine,4.0,Small molecule,6,hydroxychloroquine,
CHEMBL1536,ergocalciferol,4.0,Small molecule,29,deltalin|drisdol|eciferol d2|ergocalciferol|ergocalciferol,nsc-62792
CHEMBL154,naproxen,4.0,Small molecule,43,arthrosin 250|arthrosin 250 ec|arthrosin 500|arthrosin 500 ec|condrotec,naproxen component of pn400|nsc-750183|nsc-757239|rs-3540
CHEMBL1543,glutathione,3.0,Small molecule,12,,nsc-400639
CHEMBL1544,liothyronine,4.0,Small molecule,22,liothyronine|liothyronine,nsc-80203
CHEMBL1551,ursodiol,4.0,Small molecule,27,actigall|cholurso|destolit|urdox|urso,nsc-683769
CHEMBL1554,dactinomycin,4.0,Protein,29,cosmegen|cosmegen lyovac|dactinomycin|dactinomycin|dactinomycin,gnf-pf-1977|gnf-pf-2290|nci-c04682|nsc-3053
CHEMBL1556,inosine,3.0,Small molecule,9,inosine,ino-1001|nsc-20262
CHEMBL15562,pyrimidine,3.0,Small molecule,3,,nsc-89305
CHEMBL155886,ceramide,2.0,Small molecule,1,,
CHEMBL1560,captopril,4.0,Small molecule,37,acepril|capoten|captomex|captopril|captopril,"c09aa01|nsc-757419|sa-333|sq -14225|sq 14,225"
CHEMBL156025,thymopentin,3.0,Protein,23,thymopentin|thymopentin|thymopentin,nsc-760116|orf 15244|orf-15244|tp-5
CHEMBL1563,daunorubicin hydrochloride,4.0,Small molecule,19,cerubidine|daunorubicin hydrochloride|daunorubicin hydrochloride,fi 6339 [as the base]|fi 6339 hydrochloride|fi-6339 hydrochloride|ndc 0082-4155|ndc-0082-4155
CHEMBL1564,diphenylpyraline hydrochloride,4.0,Small molecule,13,hispril|histryl|histryl paed|lergoban,nsc-16338|nsc-61825
CHEMBL1567,sunitinib malate,4.0,Small molecule,14,sunitinib malate|sunitinib malate|sutent,pha-290940ad|su-010398|su010398|su-011248 l-malate salt|su011248 l-malate salt
CHEMBL1568,fludarabine,3.0,Small molecule,10,fludarabine,nsc-118218|nsc-118218h
CHEMBL1569,amantadine hydrochloride,4.0,Small molecule,20,amantadine hydrochloride|amantadine hydrochloride|gocovri|lysovir|mantadine,exp-105-1|nsc-83653
CHEMBL1569545,cridanimod,3.0,Small molecule,3,cridanimod,
CHEMBL157101,ketoconazole,4.0,Small molecule,31,daktarin gold|daktarin intensiv|dandrazol|dandrid|extina,"j02ab02|nsc-317629|r 41,400|r-41400"
CHEMBL1575,estramustine,3.0,Small molecule,15,estramustine|estramustine|estramustine,leo-275|leo275|nsc-89201|ro-22-2296-000|ro 22-2296/000
CHEMBL15770,sulindac,4.0,Small molecule,17,clinoril|sulindac|sulindac|sulindac|sulindac,mk-231|nsc-757344
CHEMBL1578,anisotropine methylbromide,4.0,Small molecule,14,anisotropine methylbromide|anisotropine methylbromide|octatropine methylbromide|octatropine methylbromide|valpin,
CHEMBL1580,pentostatin,4.0,Small molecule,19,nipent|pentostatin|pentostatin|pentostatin|pentostatin,ci-825|nsc-218321|pd 81565|pd-81565|yk-176
CHEMBL1581,perindopril,4.0,Small molecule,8,perindopril|perindopril|perindopril,mcn-a-2833|s-9490
CHEMBL1585,pipobroman,4.0,Small molecule,12,pipobroman|pipobroman|vercyte,a-8103|nsc-25154
CHEMBL159,vinblastine,4.0,Small molecule,8,vinblastine|vinblastine,nsc-47842
CHEMBL16,phenytoin,4.0,Small molecule,26,dilabid|dilantin|dilantin-125|dilantin-30|hydantol,nsc-8722|phenytoin component of sm-88
CHEMBL160,cyclosporine,4.0,Protein,53,capimune|capsorin|cequa|ciclosporin|ciclosporin,27-400|antibiotic s-7481f1|nsc-290193|ol-27-400|sang-35
CHEMBL1607,topotecan hydrochloride,4.0,Small molecule,27,evotopin|hycamtin|potactasol|topotecan actavis|topotecan eagle,nsc-759263|sk&f s-104864-a|sk&f-s-104864-a|sk&f-s-104864a|sk-s-104864-a
CHEMBL1607273,cetirizine hydrochloride,4.0,Small molecule,36,allacan|allertek|becoallergy|cetec|cetirizine hydrochloride,nsc-759102|p 071|p-071
CHEMBL1614701,selumetinib,4.0,Small molecule,21,selumetinib|selumetinib,arry-142886|arry-886|azd-6244|azd6244
CHEMBL1615025,tak-733,2.0,Small molecule,6,,tak-733|tak733
CHEMBL1615369,dabigatran etexilate mesylate,4.0,Small molecule,12,dabigatran etexilate accord|dabigatran etexilate leon farma|dabigatran etexilate mesylate|pradaxa|pradaxa (dabigatran etexilate mesylate),bibr 1048 ms|bibr-1048-ms
CHEMBL1615933,omiganan,3.0,Protein,3,omiganan,
CHEMBL1617,rifaximin,4.0,Small molecule,20,normix|rifacol|rifaximin|rifaximin|targaxan,nsc-758957
CHEMBL1619,cladribine,4.0,Small molecule,24,cladribine|cladribine|cladribine|cladribine|leustat,nsc-05014|nsc-105014|nsc-105014-f|rwj 26251|rwj-26251
CHEMBL1620,diphenhydramine hydrochloride,4.0,Small molecule,34,antitussive|beldin|belix|benadryl|benadryl preservative free,nsc-33299
CHEMBL1621,paliperidone,4.0,Small molecule,19,invega|paliperidone|paliperidone|paliperidone,nsc-759623|r-76477|ro-76477|ro76477
CHEMBL1622,folic acid,4.0,Small molecule,34,bio science|folacin|folic acid|folic acid|folic acid component of folvron,b03bb01|nsc-3073
CHEMBL1626570,hexocyclium methylsulfate,4.0,Small molecule,9,hexocyclium metilsulfate|tral,nsc-30256
CHEMBL1627367,fluoroestradiol,4.0,Small molecule,3,,
CHEMBL1628227,doxepin,4.0,Small molecule,10,doxepin|doxepin|sinepin|sinequan,
CHEMBL1628688,zibotentan,3.0,Small molecule,7,zibotentan|zibotentan,zd-4054|zd4054
CHEMBL163,ritonavir,4.0,Small molecule,30,norvir|ritonavir|ritonavir|ritonavir|ritonavir,a-84538|abbott-84538|abt-538|nsc-693184
CHEMBL1633,ketotifen fumarate,4.0,Small molecule,17,acuvue theravision with ketotifen|alaway|children's alaway|ketotifen fumarate|ketotifen fumarate,"hc 20,511 fumarate|hc-20511 fumarate|nsc-757415"
CHEMBL1637,gemcitabine hydrochloride,4.0,Small molecule,13,gemcitabine hydrochloride|gemcitabine hydrochloride|gemzar|infugem,ly-188011 hydrochloride|ly188011 hydrochloride
CHEMBL1642,imatinib mesylate,4.0,Small molecule,28,gleevec|glivec|imatinib accord|imatinib actavis|imatinib koanaa,nsc-716051|qti-571|qti571|sti 571|sti-571
CHEMBL1643,ribavirin,4.0,Small molecule,35,copegus|cotronak|rebetol|ribapak|ribasphere,nsc-163039|sch 18908|sch-18908
CHEMBL1643895,ramosetron,4.0,Small molecule,3,ramosetron,
CHEMBL1646,indocyanine green,4.0,Small molecule,7,ic-green|indocyanine green|spy agent green kit,
CHEMBL1653,pheniramine maleate,4.0,Small molecule,24,avil|avil ret|daneral-sa|pheniramine maleate|pheniramine maleate component of naphcon-a,nsc-757270|pm-241
CHEMBL1655,toremifene,4.0,Small molecule,12,toremifene|toremifene,gtx-006|j33.157k
CHEMBL1657,tazarotene,4.0,Small molecule,21,arazlo|avage|fabior|tazarotene|tazarotene,agn 190168|agn-190168|agn190168
CHEMBL1659,chlorpheniramine maleate,4.0,Small molecule,42,allercalm allergy relief|allerief|alunex|antagonate|calimal,nsc-756684
CHEMBL1663,perflutren,4.0,Small molecule,20,definity|definity rt|luminity|optison|perflutren,dmp 115|dmp-115|dmp115|fs-069|fs069
CHEMBL166937,sarcnu,2.0,Small molecule,5,,nsc-364432
CHEMBL1670,mitotane,4.0,Small molecule,23,lysodren|mitotane|mitotane|opddd,cb 313|cb-313|nsc-38721
CHEMBL1671,propranolol hydrochloride,4.0,Small molecule,65,anaprilin|angilol|apsolol|avlocardyl|bedranol,ay 64043|ay-64043|ici 45520|ici-45520|nsc-91523
CHEMBL167691,laromustine,3.0,Small molecule,12,cloretazine|laromustine|laromustine,101m|nsc-734246|vnp-40101m|vnp40101m
CHEMBL167731,pixantrone,4.0,Small molecule,10,pixantrone|pixantrone|pixantrone,bbr 2778|bbr-2778|bbr2778
CHEMBL1678,donepezil hydrochloride,4.0,Small molecule,20,adlarity|aricept|aricept evess|aricept odt|donepezil hydrochloride,bnag|e-2020|e2020|nsc-737535|nsc-758882
CHEMBL1679,leucovorin,4.0,Small molecule,5,,
CHEMBL1680,octreotide,4.0,Protein,11,octreotide|octreotide|octreotide,sms 201-995|sms-201-995|sms-995|sms995
CHEMBL1683544,eribulin mesylate,4.0,Small molecule,14,eribulin baxter|eribulin mesylate|halaven|mevlyq,e-7389|e7389|nsc-707389
CHEMBL1683590,eribulin,4.0,Small molecule,10,eribulin,b-1939|e-7389 free base|er-086526
CHEMBL1684984,izorlisib,2.0,Small molecule,11,izorlisib,ch-5132799|ch5132799|ch5132799-000|pa-799|pa799
CHEMBL1689,tolazoline hydrochloride,4.0,Small molecule,8,benzidazol|priscol|priscoline,nsc-757353|tcmdc-125842
CHEMBL1690,hydroxychloroquine sulfate,4.0,Small molecule,15,hydroxychloroquine sulfate|plaquenil|plaquenil sulfate|quinoric|sovuna,nsc-4375|tcmdc-123987
CHEMBL1694,benazepril hydrochloride,4.0,Small molecule,18,benazepril hydrochloride|benazepril hydrochloride|benazepril hydrochloride component of cardalis|benazepril hydrochloride component of fortekor plus|benazepril hydrochloride component of lotensin hct,cgs 14824a hcl|cgs-14824a hcl|nsc-758920
CHEMBL1697771,rebamipide,3.0,Small molecule,10,rebamipide,nsc-758955|opc-12759
CHEMBL1697854,zorubicin,2.0,Small molecule,6,zorubicin,"rp 22,050|rp-22050"
CHEMBL1698,bupropion hydrochloride,4.0,Small molecule,24,bupropion hydrochloride|bupropion hydrochloride|bupropion hydrochloride component of auvelity|bupropion hydrochloride component of contrave|forfivo xl,bw 323|bw-323|bw323|nsc-315851
CHEMBL169896,osi-7904,2.0,Small molecule,11,,bw-1843|bw1843|gs7904|osi-7904l|tcmdc-131928
CHEMBL17,dichlorphenamide,4.0,Small molecule,11,daranide|diclofenamide|keveyis|oratrol,
CHEMBL1703,metformin hydrochloride,4.0,Small molecule,57,bolamyn sr|diagemet xl|fortamet|glucamet 500|glucamet 850,ex-404|ex404|la-6023|nsc-91485
CHEMBL1714,ketamine hydrochloride,4.0,Small molecule,22,ketalar|ketamine hydrochloride|ketamine hydrochloride|ketaset,"ci-581|cl 369|cl-369|cn-52,372-2|cn-52372-2"
CHEMBL1716,cyproheptadine hydrochloride,4.0,Small molecule,13,cyproheptadine hydrochloride|cyproheptadine hydrocloride|periactin,nsc-169911|nsc-759282
CHEMBL1719,olopatadine hydrochloride,4.0,Small molecule,23,olopatadine hydrochloride|olopatadine hydrochloride|olopatadine hydrochloride component of ryaltris|opatanol|pataday,alo-4943a|alo4943a|kw-4679|kw4679
CHEMBL1720,palonosetron hydrochloride,4.0,Small molecule,18,aloxi|palonosetron accord|palonosetron hospira|palonosetron hydrochloride|palonosetron hydrochloride,rs-25259-197
CHEMBL1721885,su-014813,2.0,Small molecule,2,,
CHEMBL1722,methylphenidate hydrochloride,4.0,Small molecule,40,adhansia xr|aptensio xr|concerta|delmosart|equasym,nsc-169868|spd-544|spd544
CHEMBL1722209,tolterodine tartrate,4.0,Small molecule,11,detrol|detrol la|tolterodine tartrate|tolterodine tartrate,pnu-200583e
CHEMBL1724,mepenzolate bromide,4.0,Small molecule,10,cantil|mepenzolate bromide,an-6437|ft-0671006|hy-17585|nsc-4358
CHEMBL1730601,gimeracil,3.0,Small molecule,7,gimeracil|gimeracil component of teysuno,
CHEMBL1735,indinavir sulfate,4.0,Small molecule,14,crixivan|indinavir sulfate,"l-735,524|l-735524|mk-639|nsc-697197"
CHEMBL1737,sildenafil citrate,4.0,Small molecule,26,granpidam|liqrev|mysildecard|nipatra|patrex,"nsc-744009|nsc-758669|uk-92,480-10|uk-92480-10"
CHEMBL1738758,onvansertib,2.0,Small molecule,7,onvansertib|onvansertib,nms-1286937|nms-p937|pcm-075
CHEMBL1738797,alectinib,4.0,Small molecule,28,alecensa|alectinib|alectinib,af-802|af802|ch-5424802|ch5424802|ro-5424802
CHEMBL1738889,enobosarm,3.0,Small molecule,7,enobosarm|enobosarm|ostarine,gtx-024|mk-2866
CHEMBL1741,clarithromycin,4.0,Small molecule,39,biaxin|biaxin xl|biaxin xl pac|clarie xl|clarithromycin,a-56268|abbott-56268|nsc-758704|te-031
CHEMBL1742981,abagovomab,3.0,Antibody,4,abagovomab,aca-125|men-2234
CHEMBL1742982,aflibercept,4.0,Protein,42,aflibercept|aflibercept|eylea|yesafili|zaltrap,abp-938|ave-0005|ave0005|bay-86-5321|bay-865321
CHEMBL1742984,amatuximab,2.0,Antibody,4,amatuximab|amatuximab,morab-009
CHEMBL1742989,bavituximab,3.0,Antibody,5,bavituximab|bavituximab,ch3g4|tarvacin
CHEMBL1742991,benralizumab,4.0,Antibody,12,benralizumab|benralizumab|fasenra,biw-8405|medi-563
CHEMBL1742992,blinatumomab,4.0,Antibody,16,blinatumomab|blinatumomab|blincyto,amg-103|amg103|medi-538|medi538|mt-103
CHEMBL1742994,brentuximab vedotin,4.0,Antibody drug conjugate,18,adcetris|brentuximab vedotin|brentuximab vedotin,cac-10|cac10|cac10-vcmmae|sgn-35
CHEMBL1742998,cantuzumab ravtansine,2.0,Antibody drug conjugate,7,cantuzumab ravtansine|cantuzumab ravtansine,huc242-dm4|imgn-242|imgn242
CHEMBL1742999,carlumab,2.0,Antibody,5,carlumab|carlumab,cnto 888|cnto-888
CHEMBL1743001,cixutumumab,2.0,Antibody,5,cixutumumab|cixutumumab,imc-a12|nsc-742460
CHEMBL1743006,dalotuzumab,2.0,Antibody,6,dalotuzumab|dalotuzumab,mk 0646|mk-0646|mk0646
CHEMBL1743007,daratumumab,4.0,Antibody,16,daratumumab|daratumumab|daratumumab component of darzalex faspro|darzalex,3003-005|humax-cd38|humax-cd 38|humaxcd38
CHEMBL1743010,elotuzumab,4.0,Antibody,13,elotuzumab|elotuzumab|empliciti,bms-901608|huluc63|pdl-063|pdl063
CHEMBL1743016,farletuzumab,3.0,Antibody,6,farletuzumab|farletuzumab,m3|morab-003
CHEMBL1743019,figitumumab,3.0,Antibody,7,figitumumab|figitumumab,"871|cp-751|cp-751,871|cp-751871"
CHEMBL1743022,fresolimumab,2.0,Antibody,7,fresolimumab|fresolimumab,gc-1008|gc1008|gz-402669|gz402669
CHEMBL1743024,ganitumab,3.0,Antibody,6,ganitumab|ganitumab,amg 479|amg-479|amg479
CHEMBL1743026,gevokizumab,3.0,Antibody,7,gevokizumab|gevokizumab,vpm-087|vpm087|xoma 052|xoma-052
CHEMBL1743027,girentuximab,3.0,Antibody,8,girentuximab|girentuximab|rencarex,ca9-scan cg250|cg-250|cg250|wx-g250
CHEMBL1743028,glembatumumab vedotin,2.0,Antibody drug conjugate,7,glembatumumab vedotin|glembatumumab vedotin,cdx-011|cr-011-vcmmae
CHEMBL1743030,icrucumab,2.0,Antibody,6,icrucumab|icrucumab,imc 18f1|imc-18f1|imc18f1
CHEMBL1743032,intetumumab,2.0,Antibody,7,intetumumab|intetumumab,cnto 095|cnto-095|cnto 95|cnto-95
CHEMBL1743041,mogamulizumab,4.0,Antibody,16,mogamulizumab|mogamulizumab|poteligeo,amg-761|km-8761|km8761|kw-0761
CHEMBL1743043,moxetumomab pasudotox,4.0,Antibody drug conjugate,12,lumoxiti|moxetumomab pasudotox|moxetumomab pasudotox,cat-8015|ha-22|ha22
CHEMBL1743047,necitumumab,4.0,Antibody,12,necitumumab|necitumumab|portrazza,11f8|imc-11f8
CHEMBL1743048,obinutuzumab,4.0,Antibody,24,gazyvaro|obinutuzumab|obinutuzumab,afutuzumab|ga-101|ga101|humab cd20|humab<cd20>
CHEMBL1743049,olaratumab,4.0,Antibody,10,lartruvo|olaratumab|olaratumab,imc-3g3|imc3g3
CHEMBL1743051,onartuzumab,3.0,Antibody,11,onartuzumab|onartuzumab,metmab|metma-b|pro-143966|pro143966|pro-143996
CHEMBL1743052,oportuzumab monatox,3.0,Antibody drug conjugate,11,"oportuzumab monatox|oportuzumab monatox|proxinium|proxinium, vicinium|vicineum",4d5mocb-eta|vb4-845|xd60e5x7fi
CHEMBL1743062,ramucirumab,4.0,Antibody,13,cyramza|ramucirumab|ramucirumab,1121b|imc-1121b|ly3009806
CHEMBL1743063,rilotumumab,3.0,Antibody,5,rilotumumab|rilotumumab,amg 102|amg-102
CHEMBL1743064,robatumumab,2.0,Antibody,6,robatumumab|robatumumab,19d12|sch 717454|sch-717454
CHEMBL1743070,siltuximab,4.0,Antibody,12,siltuximab|siltuximab|sylvant,cllb8|cnto-328|cnto328
CHEMBL1743073,sotatercept,4.0,Protein,12,sotatercept|sotatercept|winrevair,ace-001|ace-011|ace011
CHEMBL1743079,teprotumumab,4.0,Antibody,25,onilcamotide|tepezza|teprotumumab|teprotumumab,hzn-001|hzn001|r-1507|rg-1507|rg1507
CHEMBL1743080,tigatuzumab,3.0,Antibody,6,tigatuzumab,cs-1008|tra-8
CHEMBL1743082,trastuzumab emtansine,4.0,Antibody drug conjugate,14,kadcyla|trastuzumab emtansine|trastuzumab emtansine,pro-132365|rg-3502|tdm-1|tdm1|trastuzumab-mcc-dm1 t-dm1
CHEMBL1743085,urelumab,2.0,Antibody,4,urelumab|urelumab,bms-663513
CHEMBL1743087,vedolizumab,4.0,Antibody,15,entyvio|vedolizumab|vedolizumab,ldp-02|ldp02|mln-0002|mln0002|mln-02
CHEMBL1743260,karenitecin,3.0,Small molecule,1,,
CHEMBL1750,clofarabine,4.0,Small molecule,15,clofarabine|clofarabine|clofarabine|clolar|evoltra,nsc-759857
CHEMBL1751,digoxin,4.0,Small molecule,27,digamex|digoxin|digoxin|digoxin pediatric|lanoxicaps,nsc-95100
CHEMBL175247,orlistat,4.0,Small molecule,24,alli|alli (previously orlistat gsk)|beacita|orlistat|orlistat,nsc-758881|ro-18-0647-002|ro 18-0647/002|ro-18-0647/002|ro-180647-002
CHEMBL1753,clindamycin,4.0,Small molecule,14,clindamycin|clindamycin|clindamycin,"u-21,251|u-21251"
CHEMBL1756,estramustine phosphate,4.0,Small molecule,7,estracyt,nsc-89199
CHEMBL1757,fosfomycin,4.0,Small molecule,19,fosfocina|fosfomycin|fosfomycin|fosfomycin,j01xx01|nsc-758170|zti-01
CHEMBL1768,bethanechol chloride,4.0,Small molecule,11,bethanechol chloride|duvoid|myocholine|myotonachol|myotonine,nsc-30783
CHEMBL1770,levamisole hydrochloride,4.0,Small molecule,20,ergamisol|ketrax|levamisole hydrochloride|solaskil,"nsc-177023|r 12,564|r-12564|r 12654"
CHEMBL1770916,nirogacestat,4.0,Small molecule,8,nirogacestat|nirogacestat,pf 03084014|pf-03084014|pf 3084014|pf-3084014
CHEMBL1771,clopidogrel,4.0,Small molecule,11,clopidogrel|clopidogrel,nsc-758613|r 130964|r-130964|sr 25990|sr-25990
CHEMBL1773,capecitabine,4.0,Small molecule,35,capecitabine|capecitabine|capecitabine|capecitabine|capecitabine accord,nsc-759853|ro-09-1978-000|ro 09-1978/000|ro-09-1978000|ro-091978000
CHEMBL178,daunorubicin,4.0,Small molecule,19,daunorubicin|daunorubicin|daunorubicin component of vyxeos|daunoxome,fi 6339|fi-6339|nsc-83142|rp 13057|rp-13057
CHEMBL1789844,ipilimumab,4.0,Antibody,16,ipilimumab|ipilimumab|yervoy,bms-734016|bms734016|mdx-010|mdx010|mdx-010 mdx-ctla4
CHEMBL1789941,ruxolitinib,4.0,Small molecule,31,jakavi|ruxolitinib|ruxolitinib,inc-424|inc424|incb-018424|incb018424|incb-18424
CHEMBL1790041,ranitidine,4.0,Small molecule,8,ranitidine|ranitidine|ranitidine,nsc-757851
CHEMBL1794791,oxaloacetate,2.0,Small molecule,9,,nsc-77688
CHEMBL1796998,sulfur hexafluoride,4.0,Small molecule,11,lumason|sonovue|sulfur hexafluoride,bri
CHEMBL1800159,relugolix,4.0,Small molecule,11,orgovyx|relugolix|relugolix|relugolix component of myfembree,tak-385
CHEMBL180022,neratinib,4.0,Small molecule,8,neratinib|neratinib,cdp-820|hki-272|way-179272
CHEMBL181932,oteracil,3.0,Small molecule,6,oteracil,
CHEMBL182,ganciclovir,4.0,Small molecule,25,cymevene|cytovene|ganciclovir|ganciclovir|ganciclovir,bw 759u|bw-759u|nsc-759656|rs-21592
CHEMBL1823872,somatostatin,3.0,Protein,7,somatostatin,srif-14
CHEMBL1835207,apricoxib,2.0,Small molecule,7,apricoxib|apricoxib,cs-706|r-109339|tg-01|tg01
CHEMBL18442,plerixafor,4.0,Small molecule,18,mozobil|plerixafor|plerixafor|plerixafor accord,amd 3100|amd3100|jm 3100|sid 791
CHEMBL185,fluorouracil,4.0,Small molecule,36,5.f.u.|accusite|actikerall|adrucil|carac,5 fu|5-fu|nsc-19893|ro 2-9757|ro-2-9757
CHEMBL1851943,pracinostat,3.0,Small molecule,5,pracinostat,sb 939|sb-939
CHEMBL1852688,infigratinib,4.0,Small molecule,19,infigratinib|infigratinib,bgj-398|bgj398|mvp-bgj398|nvp-bgj398
CHEMBL186,cefepime,4.0,Small molecule,12,cefepime|cefepime|cefepime|renapime,bmy-28142|j01de01|vnrx-5022
CHEMBL186141,andrographolide,3.0,Small molecule,6,,hmpl-004|hmpl004|nsc-383468
CHEMBL1863515,glucarpidase,4.0,Enzyme,12,glucarpidase|voraxaze,
CHEMBL1873475,ibrutinib,4.0,Small molecule,20,ibrutinib|ibrutinib|imbruvica,cra-032765|pc-32765|pci 32765|pci-32765|pci-32765-00
CHEMBL1879463,dactolisib,3.0,Small molecule,13,dactolisib|dactolisib,bez-235|bez235|nsc-751249|nvp-bez235|nvp-bez235-nx
CHEMBL1889140,ropivacaine hydrochloride,4.0,Small molecule,11,naropin|ropivacaine hydrochloride,
CHEMBL18901,efaproxiral,3.0,Small molecule,7,efaproxiral|efaproxiral,rsr-13|rsr13
CHEMBL189963,palbociclib,4.0,Small molecule,22,ibrance|palbociclib|palbociclib,pd-0332991
CHEMBL19,methazolamide,4.0,Small molecule,15,methazolamide|methazolamide|neptazane,l-584601|nsc-758426|vvp-808|vvp808
CHEMBL190083,tarenflurbil,3.0,Small molecule,9,tarenflurbil|tarenflurbil,e-7869|mpc-7869
CHEMBL19019,naltrexone,4.0,Small molecule,15,celupan|naltrexone|naltrexone|naltrexone|trexal,en-1639a [as hydrochloride]|en-1639a free base|nsc-758439
CHEMBL190461,cannabidiol,4.0,Small molecule,23,cannabidiol|cannabidiol|epidiolex|epidyolex,btx-1204|btx-1503|gwp-42003|gwp42003|gwp-42003-p
CHEMBL1905073,chlorsulfaquinoxaline,2.0,Small molecule,3,,nsc-339004
CHEMBL1908360,everolimus,4.0,Small molecule,24,afinitor|afinitor disperz|certican|everolimus|everolimus,rad-001|rad001|rad 666|rad-666|sdz-rad
CHEMBL1908361,levoleucovorin calcium,4.0,Small molecule,23,calcium levofolinate|calcium levofolinate|fusilev|levoleucovorin calcium|levoleucovorin calcium,"cl 307,782|cl-307782"
CHEMBL1908391,masitinib,3.0,Small molecule,5,kinavet|masitinib,
CHEMBL1908841,levoleucovorin,4.0,Small molecule,10,khapzory,lfp-754
CHEMBL1908843,gadofosveset,4.0,Small molecule,7,gadofosveset,ms-325
CHEMBL191,losartan,4.0,Small molecule,17,losartan|losartan,e-3174|exp3174|hgp-1405|hgp1405|nsc-758699
CHEMBL191413,reparixin,3.0,Small molecule,10,reparixin|reparixin,df 1681y|df-1681y|df1681y
CHEMBL192,sildenafil,4.0,Small molecule,10,sildenafil|sildenafil,hip-0908|hip0908|uk-92480
CHEMBL1921976,orteronel,3.0,Small molecule,5,orteronel|orteronel,tak-700
CHEMBL1922094,apitolisib,2.0,Small molecule,25,apitolisib|apitolisib,g-038390|g-038390.1|gdc-0980|gdc-0980.1|rg-7422
CHEMBL19224,papaverine,3.0,Small molecule,5,,nsc-136630
CHEMBL194378,psilocybin,3.0,Small molecule,16,psilocybin|psilocybine|psilocybine,comp-360|comp360|cy 39|cy-39|cy39
CHEMBL1946170,regorafenib,4.0,Small molecule,20,regorafenib|regorafenib|stivarga,bay 73-4506|bay-73-4506|bay-734506|bay 73-4506 monohydrate|bay-73-4506 monohydrate
CHEMBL1947204,allitinib,2.0,Small molecule,6,,all-3
CHEMBL1950045,hydroxytyrosol,3.0,Small molecule,3,,
CHEMBL195560,isophenoxodiol,3.0,Small molecule,1,,
CHEMBL196,ascorbic acid,4.0,Small molecule,39,ascor|ascorbic acid|ascorbic acid component of moviprep|ascorbic acid component of plenvu|ascorbic acid component of vitaped,e-300|fema no. 2109|ins-300|ins no.300|nsc-218455
CHEMBL1963681,avanafil,4.0,Small molecule,12,avanafil|avanafil|spedra|stendra,ta-1790
CHEMBL1963684,peginesatide acetate,4.0,Protein,9,omontys|omontys preservative free|peginesatide acetate,af37702|af 37702 acetate|af-37702 acetate|af37702 acetate
CHEMBL1976040,adavosertib,2.0,Small molecule,18,adavosertib|adavosertib,azd 1775|azd-1775|azd1775|mk-1775|mk1775
CHEMBL1977579,streptozocin,4.0,Small molecule,15,streptozocin|streptozocin|zanosar,nsc-37917|nsc-85998|u-9889
CHEMBL1980297,ilorasertib,2.0,Small molecule,9,"abt-348, a-968660|ilorasertib|ilorasertib",a-968660|a-968660.0|abbott-968660|abt-348
CHEMBL1980825,antineoplaston a10,3.0,Small molecule,3,,
CHEMBL1983268,entrectinib,4.0,Small molecule,10,entrectinib|entrectinib|rozlytrek,nms-e628|rxdx-101
CHEMBL198362,rivaroxaban,4.0,Small molecule,17,rivaroxaban|rivaroxaban|rivaroxaban accord|rivaroxaban viatris (previously rivaroxaban mylan)|xarelto,bay 59-7939|bay-59-7939|jnj-39039039|jnj39039039
CHEMBL20,acetazolamide,4.0,Small molecule,24,acetazolamide|acetazolamide|diamox|diamox sr|eytazox,l 579486|nsc-145177
CHEMBL2007641,pertuzumab,4.0,Antibody,22,omnitarg|omnitarg perjeta|perjeta|pertuzumab|pertuzumab,rg-1273|rhumab 2c4|rhumab-2c4|rhumab2c4|sysa-1901
CHEMBL2010872,cep-11981,2.0,Small molecule,5,,bol-303213x|cep-11981|cep11981
CHEMBL2013119,rigosertib sodium,3.0,Small molecule,12,estybon|rigosertib sodium,on-01910|on 01910.na|on-01910.na|on 01910 sodium|on-01910 sodium
CHEMBL2017974,buparlisib,3.0,Small molecule,9,buparlisib|buparlisib,bkm-120|bkm-120nx|bkm120-nx|nvp-bkm-120|nvp-bkm120
CHEMBL2028663,dabrafenib,4.0,Small molecule,11,dabrafenib|dabrafenib|tafinlar,gsk-2118436|gsk-2118436a|gsk2118436a
CHEMBL2028987,degarelix acetate,4.0,Protein,11,degarelix accord|degarelix acetate|firmagon,fe-200486|fe200486|fe200486 (as acetate salt)
CHEMBL2030434,fludeoxyglucose f 18,4.0,Small molecule,36,fludeoxyglucose (18f)|fludeoxyglucose f 18|fludeoxyglucose f18,18-fdg|18fdg|s8fdg
CHEMBL2035187,pacritinib,4.0,Small molecule,8,pacritinib|pacritinib,onx-0803|sb-1518|sb1518
CHEMBL2042273,sumecigrel,2.0,Small molecule,6,sumecigrel|sumecigrel,
CHEMBL2043437,glasdegib,4.0,Small molecule,7,glasdegib|glasdegib,pf-04449913|pf-4449913
CHEMBL20489,ompenaclid,2.0,Small molecule,14,ompenaclid|ompenaclid,pnu-10483|rgx-202|rgx202
CHEMBL206253,netupitant,4.0,Small molecule,11,netupitant|netupitant|netupitant component of akynzeo|netupitant component of akynzeo capsule,ro-67-3189|ro 67-3189/000|ro-67-3189/000|ro-673189000
CHEMBL206834,bafetinib,2.0,Small molecule,13,bafetinib|bafetinib,cns-9|inno-406|ns-187
CHEMBL20684,abt-751,2.0,Small molecule,4,,nsc-742134
CHEMBL2068864,fludeoxyglucose,4.0,Small molecule,2,,
CHEMBL2068884,sodium gluconate,4.0,Small molecule,18,,e-576-|fema no. 4934|ins-576|ins no.576|nsc-759599
CHEMBL2079588,telatinib,2.0,Small molecule,5,telatinib,bay 57-9352|bay-579352
CHEMBL2087361,icotinib,3.0,Small molecule,3,,
CHEMBL20883,tegafur,4.0,Small molecule,39,citofur|riol|tegafur|tegafur|tegafur,bms-200604|ft-207|j356.722b|mjf-12264|nsc-148958
CHEMBL2095207,choline c-11,4.0,Small molecule,6,choline c-11,
CHEMBL2095208,cobicistat,4.0,Small molecule,19,cobicistat|cobicistat|cobicistat component of evotaz|cobicistat component of genvoya|cobicistat component of prezcobix,gs-9350
CHEMBL2095209,icosapent ethyl,4.0,Small molecule,19,icosapent ethyl|vascepa|vazkepa,amr 101|amr-101|amr101|nsc-759597
CHEMBL2096650,sodium thiosulfate,4.0,Small molecule,30,ametox|pedmark|pedmarqsi|sodium thiosulfate|sodium thiosulfate component of nithiodote,db-020|nsc-45624
CHEMBL2103738,lithium citrate,4.0,Small molecule,10,li-liquid|litarex|lithium citrate,nsc-758700
CHEMBL2103739,emedastine difumarate,4.0,Small molecule,13,emadine|emedastine difumarate,al-3432a|kb-2413|ly-188695
CHEMBL2103741,levothyroxine sodium,4.0,Small molecule,42,eltroxin|ermeza|euthyrox|evotrox|levolet,nsc-259940
CHEMBL2103744,morphine sulfate,4.0,Small molecule,49,arymo er|astramorph pf|avinza|depodur|duramorph,nsc-11441
CHEMBL2103751,prednimustine,2.0,Small molecule,12,prednimustine|prednimustine,leo-1031|nsc-134087|nsc-171345
CHEMBL2103774,tibolone,4.0,Small molecule,13,livial|tibolone|tibolone|tibolone,nsc-759898|org od 14|org-od 14
CHEMBL2103793,agatolimod sodium,3.0,Oligonucleotide,9,agatolimod sodium,cpg 7909|cpg-7909|pf-03512676|pf-3512676
CHEMBL2103794,anamorelin hydrochloride,3.0,Small molecule,7,anamorelin hydrochloride,rc-1291 hcl
CHEMBL2103798,cediranib maleate,3.0,Small molecule,7,cediranib maleate|recentin,azd-2171 maleate|azd2171 maleate
CHEMBL2103811,folitixorin calcium,3.0,Small molecule,4,folitixorin calcium,anx-510|cofactor
CHEMBL2103839,ridaforolimus,3.0,Small molecule,11,ridaforolimus|ridaforolimus,ap 23573|ap-23573|ap23573|mk-8669|mk8669
CHEMBL2103842,varlitinib,2.0,Small molecule,8,varlitinib|varlitinib,ar-00334543|arry-334543|arry-543|aslan-001|aslan001
CHEMBL2103844,pixantrone dimaleate,4.0,Small molecule,11,pixantrone dimaleate|pixuvri,bbr 2778|bbr 2778 dimaleate|bbr-2778 dimaleate|nsc-752341
CHEMBL2103868,cabozantinib s-malate,4.0,Small molecule,11,cabometyx|cabozantinib s-malate|cometriq,bms-907351|xl-184|xl184
CHEMBL2103875,trametinib,4.0,Small molecule,28,mekinist|trametinib|trametinib,gsk-1120212|gsk1120212|jtp 74057|jtp-74057|tmt-212
CHEMBL2103879,ganetespib,3.0,Small molecule,5,ganetespib|ganetespib,sta 9090|sta-9090
CHEMBL2103882,tivantinib,3.0,Small molecule,7,tivantinib|tivantinib,arq 197|arq-197
CHEMBL2103979,thymalfasin,3.0,Protein,8,thymalfasin|thymalfasin|zadaxin,
CHEMBL2104406,biricodar dicitrate,2.0,Small molecule,7,biricodar dicitrate,vx-710|vx-710-3|vx-71o-3
CHEMBL2104612,mitolactol,3.0,Small molecule,6,mitolactol,nci-c04795|nsc-104800
CHEMBL2104840,pentalyte,2.0,Small molecule,2,pentalyte,
CHEMBL2105348,ranimustine,3.0,Small molecule,6,ranimustine,nsc-270516
CHEMBL2105629,vinflunine ditartrate,4.0,Small molecule,7,javlor|vinflunine ditartrate,bms-710485|f-12158
CHEMBL2105643,fosbretabulin tromethamine,2.0,Small molecule,4,fosbretabulin tromethamine|zybrestat,
CHEMBL2105661,litronesib,2.0,Small molecule,9,litronesib|litronesib,kf 89617|kf-89617|kf89617|ly 2523355|ly-2523355
CHEMBL2105665,elacytarabine,3.0,Small molecule,9,elacytarabine|elacytarabine,cp 4055|cp-4055|cp4055|p-4055
CHEMBL2105684,selumetinib sulfate,4.0,Small molecule,14,koselugo|selumetinib sulfate,azd-6244 hydrogen sulfate|azd6244 hydrogen sulfate|azd-6244 hyd-sulfate|azd6244 hyd-sulfate
CHEMBL2105694,telapristone acetate,3.0,Small molecule,9,proellex|proellextm|progenta|telapristone acetate,cdb-4124|ru 44675|ru-44675|zpv-200
CHEMBL2105695,telotristat ethyl,4.0,Small molecule,11,telotristat ethyl|xermelo,lx 1032|lx-1032|lx1032|lx 1606|lx-1606
CHEMBL2105704,lenvatinib mesylate,4.0,Small molecule,13,kisplyx|lenvatinib mesylate|lenvima,e7080|e-7080 mesylate|e7080 mesylate
CHEMBL2105708,ponatinib hydrochloride,4.0,Small molecule,9,iclusig|ponatinib hydrochloride,ap-24534 hcl|ap24534 hcl
CHEMBL2105717,cabozantinib,4.0,Small molecule,22,cabozantinib|cabozantinib,bms-907351 free base|xl-184 free base
CHEMBL2105719,dacomitinib,4.0,Small molecule,11,dacomitinib|dacomitinib|vizimpro,pf-00299804-03
CHEMBL2105734,sepantronium bromide,2.0,Small molecule,9,sepantronium bromide|sepantronium bromide,ym 155|ym-155|ym155
CHEMBL2105737,sonidegib,4.0,Small molecule,12,erismodegib|sonidegib|sonidegib,lde 225|lde-225|lde225|nvp-lde 225|nvp-lde-225
CHEMBL2105738,galeterone,3.0,Small molecule,10,galeterone|galeterone,tok 001|tok-001|vn 124|vn-124|vn/124
CHEMBL2105741,trametinib dimethyl sulfoxide,4.0,Small molecule,9,mekinist|spexotras|trametinib dimethyl sulfoxide,gsk-1120212b|gsk1120212b
CHEMBL2105756,tivozanib hydrochloride,4.0,Small molecule,8,fotivda|tivozanib hydrochloride,av-951
CHEMBL2105763,quisinostat,2.0,Small molecule,5,quisinostat|quisinostat,jnj 26481585|jnj-26481585
CHEMBL2105834,octreotide pamoate,3.0,Protein,7,octreotide pamoate,sms 201-995 pa|sms-201-995 pa|sms pa|sms-pa
CHEMBL2105864,labradimil,2.0,Protein,5,labradimil|labradimil,rmp-7
CHEMBL2105902,batabulin sodium,2.0,Small molecule,4,batabulin sodium,t-138067 sodium|t138067-sodium
CHEMBL2105949,arzoxifene hydrochloride,2.0,Small molecule,8,arzoxifene hydrochloride,ly-353381.hcl|ly353381.hcl|serm 3|serm-3
CHEMBL2105965,acolbifene hydrochloride,2.0,Small molecule,6,acolbifene hydrochloride,sch57068 hcl|sch57068.hcl|sch-57068 hydrochloride
CHEMBL2105987,atamestane,3.0,Small molecule,4,atamestane,sh-489
CHEMBL2106049,"charcoal, activated",3.0,Small molecule,12,,ast-120
CHEMBL2106068,atrasentan hydrochloride,3.0,Small molecule,8,atrasentan hydrochloride,a-127722|a-147627.1|abbot-147627|abt-627
CHEMBL2106195,dexmedetomidine hydrochloride,4.0,Small molecule,23,cepedex|dexdomitor|dexdor|dexmedetomidine accord|dexmedetomidine hydrochloride,
CHEMBL2107067,testosterone undecanoate,4.0,Small molecule,23,andriol|aveed|jatenzo|kyzatrex|nebido,mk-3033|org 538|org-538|tsx-011
CHEMBL2107123,oglufanide disodium,2.0,Small molecule,6,oglufanide disodium,im-862|im862
CHEMBL2107143,glufosfamide,3.0,Small molecule,8,glufosfamide,d 19575|d-19575|d19575
CHEMBL2107313,becatecarin,3.0,Small molecule,11,becatecarin|becatecarin,bms-181176|bmy-27557|nsc-655649|xl-119|xl119
CHEMBL2107315,belotecan hydrochloride,2.0,Small molecule,5,belotecan hydrochloride,ckd-602
CHEMBL2107319,canfosfamide hydrochloride,3.0,Small molecule,10,canfosfamide hydrochloride|telcyta,ter-286|ter286|tlk-286|tlk286
CHEMBL2107337,enzastaurin hydrochloride,3.0,Small molecule,7,enzastaurin hydrochloride,ly-317615 hydrochloride|ly317615 hydrochloride
CHEMBL2107354,mifamurtide,4.0,Small molecule,12,mepact|mifamurtide|mifamurtide,l-mtp-pe
CHEMBL2107357,motesanib diphosphate,3.0,Small molecule,6,motesanib diphosphate,amg 706
CHEMBL2107360,paliperidone palmitate,4.0,Small molecule,21,byannli (previously paliperidone janssen-cilag international)|erzofri|invega sustenna|invega trinza|niapelf,jns-010|jns010|r-092670|r092670|ro-92670
CHEMBL2107361,pelitrexol,2.0,Small molecule,5,pelitrexol|pelitrexol,ag-2037|ag2037
CHEMBL2107376,tasidotin hydrochloride,2.0,Protein,4,tasidotin hydrochloride,ilx-651|ilx651
CHEMBL2107381,uridine triacetate,4.0,Small molecule,15,uridine triacetate|uridine triacetate|vistogard|xuriden,pn-401|pn401|rg-2133|rg2133
CHEMBL2107759,milataxel,2.0,Small molecule,3,milataxel,mac-321
CHEMBL2107760,nebentan,2.0,Small molecule,6,nebentan,he-11|ym-598
CHEMBL2107784,tasquinimod,3.0,Small molecule,3,tasquinimod,
CHEMBL2107787,tesetaxel,3.0,Small molecule,2,tesetaxel,
CHEMBL2107797,norgestrel,4.0,Small molecule,24,norgestrel|norgestrel|norgestrel|norgestrel component of cryselle|norgestrel component of ovral,fh-122a|nsc-757251|sh-70850|sh-850|wy-3707
CHEMBL2107816,radium ra 223 dichloride,4.0,Small molecule,17,bay 88-8223|radium ra 223 dichloride|xofigo,bay 88-8223|bay-88-8223|bay88-8223
CHEMBL2107823,gandotinib,2.0,Small molecule,12,gandotinib|gandotinib,ly-2784544|ly2784544
CHEMBL2107827,aldoxorubicin hydrochloride,2.0,Small molecule,4,aldoxorubicin hydrochloride|inno-206,inno-206 hydrochloride
CHEMBL2107830,empagliflozin,4.0,Small molecule,18,bi 10773|empagliflozin|empagliflozin|empagliflozin component of glyxambi|empagliflozin component of synjardy,bi 10773|bi-10773
CHEMBL2107832,pimasertib,2.0,Small molecule,15,msc1936369a; as703026; emd 1036239|pimasertib|pimasertib,as 703026|as-703026|as703026|emd 1036239|emd-1036239
CHEMBL2107842,albinterferon alfa-2b,3.0,Unknown,6,albinterferon alfa-2b|albinterferon alfa-2b|albuferon,
CHEMBL2107845,carlecortemcel-l,2.0,Cell,3,carlecortemcel-l|stemex,
CHEMBL2107855,denenicokin,2.0,Protein,16,denenicokin|denenicokin,bms-982470|il-21|il-21 recombinant|recombinant human interleukin 21|ril-21
CHEMBL2107856,imetelstat,3.0,Unknown,6,imetelstat|imetelstat,grn-163l|grn163l
CHEMBL2107861,zalutumumab,3.0,Antibody,7,zalutumumab|zalutumumab,"2f8|humax-egfr|humax-egfr, 2f8|humax-egfr-2f8"
CHEMBL2107862,rintatolimod,3.0,Unknown,8,ampligen|rintatolimod|rintatolimod,
CHEMBL2107881,regramostim,3.0,Protein,11,regramostim|regramostim,gmc 89-107|gmc-89-107|gm-csf|gm-csf (cho cell)|rhgm-c
CHEMBL2107885,reteplase,4.0,Enzyme,20,ecokinase|rapilysin|reteplase|reteplase|reteplase,bm 06.022|bm-06.022|bm-06022
CHEMBL2107891,tasonermin,4.0,Protein,10,beromun|tasonermin|tasonermin,fk 516|fk-516
CHEMBL2107917,oregovomab,3.0,Antibody,7,oregovomab|oregovomab|ovarex,mab-b43.13|oregovamab
CHEMBL2108018,adecatumumab,2.0,Antibody,3,adecatumumab,mt-201
CHEMBL2108029,ertumaxomab,2.0,Antibody,2,ertumaxomab,
CHEMBL2108031,galgenprostucel-l,2.0,Cell,5,galgenprostucel-l|galgenprostucel-l component of gvax prostate,cg-1940|cg1940
CHEMBL2108038,matuzumab,2.0,Antibody,3,matuzumab,emd-72000
CHEMBL2108060,vitespen,3.0,Unknown,3,vitespen,hsppc-96
CHEMBL2108061,volociximab,3.0,Antibody,5,volociximab|volociximab,m-200|m200
CHEMBL2108064,cepeginterferon alfa-2b,3.0,Unknown,5,cepeginterferon alfa-2b,
CHEMBL2108074,pancrelipase,4.0,Enzyme,5,pancrelipase,
CHEMBL2108102,st. john's wort,3.0,Unknown,34,,ze-117
CHEMBL2108110,thrombin,4.0,Unknown,14,thrombin,
CHEMBL2108113,sesame oil,3.0,Unknown,12,,
CHEMBL2108133,poliglusam,3.0,Small molecule,5,poliglusam|poliglusam,fema no. 4946
CHEMBL2108147,streptokinase,4.0,Enzyme,9,kabikinase|streptase|streptokinase,
CHEMBL2108157,votumumab,4.0,Antibody,11,humaspect|oncolon|oncospec|votumumab|votumumab,88-bv-59|88-bv59|88bv-59|88bv59h21-2v67-66
CHEMBL2108184,crofelemer,4.0,Small molecule,12,crofelemer|fulyzaq|mytesi|provir|virend,np-303|sp-303|trn-002
CHEMBL2108200,dimethicone,4.0,Unknown,36,conotrane|cymex|dimethicone|dimethicone component of simethicone|dimeticone,e-900a|ins-900a|ins no.900a
CHEMBL2108209,lentinan,2.0,Unknown,5,,lc 33|lc-33
CHEMBL2108253,arcitumomab,4.0,Antibody,7,arcitumomab|arcitumomab|cea-scan,immu 4|immu-4
CHEMBL2108291,metenkefalin,3.0,Unknown,13,metenkefalin,nsc-374896
CHEMBL2108308,tertomotide,3.0,Protein,7,tertomotide,gv-1001|gv1001
CHEMBL2108309,custirsen,3.0,Oligonucleotide,4,custirsen,isis-112989 free acid|ogx-011 free acid
CHEMBL2108312,ozarelix,3.0,Protein,4,ozarelix,d-63153
CHEMBL2108324,oblimersen,2.0,Oligonucleotide,3,oblimersen,
CHEMBL2108345,trabedersen,3.0,Oligonucleotide,4,trabedersen,a-12009 free acid
CHEMBL2108356,pegdinetanib,2.0,Unknown,8,pegdinetanib|pegdinetanib,bms-844203|ct-322|vegfr-2 inhibitor peptide ct-322
CHEMBL2108359,nimotuzumab,3.0,Antibody,6,nimotuzumab,osag 101|theracim-hr3|theraloc
CHEMBL2108390,fibrin,3.0,Unknown,6,fibrin,
CHEMBL2108391,honey,3.0,Unknown,5,,
CHEMBL2108404,epratuzumab,3.0,Antibody,5,epratuzumab|epratuzumab,immu-hll2
CHEMBL2108442,mitumomab,3.0,Antibody,6,mitumomab|mitumomab,bec-2|bec2
CHEMBL2108465,ginger,3.0,Unknown,34,phillips|travelcaps|travel sickness,b1265|fema no. 2520|fema no. 2521
CHEMBL2108467,"ginseng, asian",2.0,Unknown,51,"ginseng, asian component of psms  panax ginseng root or panax quinquefolium root",b1673
CHEMBL2108494,interferon,3.0,Protein,3,interferon,
CHEMBL2108506,interferon alfa,3.0,Protein,4,interferon alfa,
CHEMBL2108508,interferon alfa-2a,4.0,Protein,18,alpheon|canferon|canferon a|cha-ifnalpha2a|interferon alfa-2a,interferon alfa-2a|ro 22-8181|ro-22-8181|ro-228181
CHEMBL2108509,interferon alfa-n1,2.0,Protein,7,interferon alfa-n1|interferon alfa-n1|interferon alfa-n1|well-feron|wellferon,
CHEMBL2108510,interferon beta,3.0,Protein,12,avonex|extavia|interf b 1a|interfb1a|interf b 1b,
CHEMBL2108531,polifeprosan 20,2.0,Small molecule,5,polifeprosan|polifeprosan 20,
CHEMBL2108546,pegaspargase,4.0,Enzyme,12,oncaspar|pegaspargase|pegaspargase,
CHEMBL2108559,sennosides,3.0,Unknown,12,glysennid,
CHEMBL2108568,trebananib,3.0,Unknown,6,trebananib|trebananib,amg 386|amg-386
CHEMBL2108572,balugrastim,2.0,Protein,7,balugrastim|balugrastim,cg-10639|cg10639
CHEMBL2108577,belagenpumatucel-l,3.0,Cell,2,belagenpumatucel-l,
CHEMBL2108581,catumaxomab,4.0,Antibody,7,catumaxomab|removab,
CHEMBL2108585,contusugene ladenovec,2.0,Gene,8,advexin|contusugene ladenovec|contusugene ladenovec,ad5cmv-p53|ingn 201|ingn-201
CHEMBL2108597,ferric carboxymaltose,4.0,Unknown,10,ferric carboxymaltose|ferric carboxymaltose|injectafer,vit-45
CHEMBL2108609,"inalimarev (cea, muc-1, vaccinia virus)",3.0,Vaccine component,2,"inalimarev (cea, muc-1, vaccinia virus)",
CHEMBL2108611,inotuzumab ozogamicin,4.0,Antibody drug conjugate,14,besponsa|inotuzumab ozogamicin|inotuzumab ozogamicin,cmc-544|pf-05208773|way-207294|way-207294 cmc-544
CHEMBL2108612,iratumumab,2.0,Antibody,4,iratumumab|iratumumab,mdx-060
CHEMBL2108615,lapuleucel-t,2.0,Cell,5,lapuleucel-t,apc-8024|apc8024
CHEMBL2108618,litgenprostucel-l,2.0,Cell,4,litgenprostucel-l|litgenprostucel-l component of gvax prostate,cg8711
CHEMBL2108628,paclitaxel poliglumex,3.0,Small molecule,10,paclitaxel poliglumex|paclitaxel poliglumex|xyotax,ct-2103|pg-txl
CHEMBL2108653,thrombomodulin alfa,3.0,Unknown,9,recomodulin (japan only)|thrombomodulin alfa|thrombomodulin alfa,art-123
CHEMBL2108658,tremelimumab,4.0,Antibody,15,imjudo|tremelimumab|tremelimumab|tremelimumab astrazeneca,"cp-675,206|cp-675206|pf-06753388|ticilimumab"
CHEMBL2108660,tucotuzumab celmoleukin,2.0,Antibody drug conjugate,9,tucotuzumab celmoleukin|tucotuzumab celmoleukin,emd 273066|emd-273066|huks-il2|ksa-interleukin-2
CHEMBL2108664,verpasep caltespen,2.0,Unknown,8,verpasep caltespen|verpasep caltespen,bcg-65-e7|bcg65-e7|hspe-7|hspe7
CHEMBL2108675,dupilumab,4.0,Antibody,14,"dupilumab|dupilumab|dupixent|regn668, sar231893",regn-668|regn668|sar-231893|sar231893
CHEMBL2108677,peginterferon beta-1a,4.0,Protein,11,biib017|peginterferon beta-1a|peginterferon beta-1a|plegridy,biib-017|biib017
CHEMBL2108680,pidilizumab,2.0,Antibody,5,ct-011|pidilizumab|pidilizumab,ct-011
CHEMBL2108681,tildrakizumab,4.0,Antibody,13,ilumetri|ilumya|tildrakizumab|tildrakizumab,mk-3222|sch-900222
CHEMBL2108683,entolimod,2.0,Unknown,6,cblb502|entolimod|entolimod,cblb-502|cblb502
CHEMBL2108684,nelipepimut-s,2.0,Unknown,8,e75 peptide|nelipepimut-s,e-75 peptide|e75 peptide
CHEMBL2108702,imetelstat sodium,4.0,Unknown,8,imetelstat sodium|rytelo,grn163l|grn-163l tridecasodium salt|grn163l tridecasodium salt
CHEMBL2108708,yttrium y 90 clivatuzumab tetraxetan,3.0,Antibody,15,hpam4-cide|pan-cide|yttrium (90y) clivatuzumab tetraxetan|yttrium y 90 clivatuzumab tetraxetan,90hy-pam4|90y-hpam4|90y-hpama4|hpam-4-dota|hpam4-dota
CHEMBL2108717,algenpantucel-l,3.0,Cell,5,algenpantucel-l|hyperacute-pancreas immunotherapy,hapa
CHEMBL2108726,technetium tc 99m tilmanocept,4.0,Protein,8,lymphoseek|lymphoseek kit|technetium tc 99m tilmanocept,1600
CHEMBL2108728,calaspargase pegol,4.0,Enzyme,9,asparlas|calaspargase pegol|calaspargase pegol,ezn-2285
CHEMBL2108738,nivolumab,4.0,Antibody,18,nivolumab|nivolumab|nivolumab bms|nivolumab component of bms-986213|nivolumab component of opdualag,bms-936558|bms-986298|mdx-1106|mdx1106|ono-4538
CHEMBL2108751,pectin,3.0,Unknown,12,,e-440|ins-440|ins no.440
CHEMBL2108774,platelet concentrate,3.0,Unknown,2,,
CHEMBL2108791,tenecteplase,4.0,Enzyme,14,metalyse|tenecteplase|tenecteplase|tenecteplase|tenecteplase boehringer ingelheim pharma gmbh  co. kg,tnk-tpa
CHEMBL2108875,tetanus toxoid,4.0,Vaccine component,16,equilis te|tetanus toxoid component of hexacima|tetanus toxoid component of hexavac|tetanus toxoid component of hexyon|tetanus toxoid component of infanrix hepb,
CHEMBL2108878,thyroid,3.0,Unknown,27,nature|thyroid,nsc-26492
CHEMBL2108905,bcg vaccine,3.0,Vaccine component,4,,
CHEMBL2108906,belladonna,3.0,Unknown,10,,
CHEMBL2108919,chlorophyllin copper complex,2.0,Unknown,14,chlorophyllin copper complex,c.i. 75810|ci-75810
CHEMBL2108922,chondroitin sulfate sodium,3.0,Unknown,4,,
CHEMBL2108931,crisantaspase,4.0,Enzyme,10,asparaginase erwinia chrysanthemi (recombinant)|crisantaspase|crisantaspase|enrylaze|erwinase,jzp-458
CHEMBL2108955,edrecolomab,3.0,Antibody,10,edrecolomab|edrecolomab|panorex,17-1a|c-1|mab-17-1a
CHEMBL2108975,ancestim,2.0,Protein,11,ancestim|ancestim,
CHEMBL2108989,asparaginase,4.0,Enzyme,18,asparaginase|colaspase|elspar|spectrila,nsc-109229
CHEMBL2109027,bromelains,4.0,Unknown,21,ananase|bromelains|bromelains|bromelains,
CHEMBL2109036,igovomab,4.0,Antibody,4,igovomab|indimacis 125|indimacis-125,
CHEMBL2109042,influenza virus vaccine,3.0,Vaccine component,3,,
CHEMBL2109059,edodekin alfa,2.0,Protein,14,edodekin alfa|edodekin alfa,ro 24-7472|ro-24-7472|ro 24-7472/000|ro-24-7472/000|ro-247472000
CHEMBL2109070,lactobacillus acidophilus,3.0,Unknown,11,gynatren|lactobacillus acidophilus component of lactinex,
CHEMBL2109092,epoetin beta,4.0,Protein,30,epoetin beta|epoetin beta|epoetin beta|neorecormon|neorecormon 1000,bm 06.019|epoch
CHEMBL2109128,lenograstim,4.0,Protein,16,granocyte-13|granocyte-34|lenograstim|lenograstim|lenograstim,rg-csf
CHEMBL2109134,molgramostim,3.0,Protein,14,leucomax|molgramostim|molgramostim|molgramostim,sch 39300|sch-39300
CHEMBL2109196,"ginseng, american",3.0,Unknown,25,,afx-02|afx-2
CHEMBL2109204,nadroparin calcium,4.0,Oligosaccharide,12,nadroparin calcium,cy 216|cy-216
CHEMBL2109229,oblimersen sodium,3.0,Oligonucleotide,9,genasense|oblimersen|oblimersen sodium,d-g3139|g-3139|g3139
CHEMBL2109256,sgn-30,3.0,Unknown,2,,sgn-30
CHEMBL2109295,ascrinvacumab,2.0,Antibody,7,ascrinvacumab|ascrinvacumab,gt-90001|pf-03446962
CHEMBL2109321,carotuximab,3.0,Antibody,7,carotuximab|carotuximab,c-sn6j|de-122|trc-105
CHEMBL2109343,leronlimab,3.0,Antibody,6,leronlimab|leronlimab,pro 140|pro-140|pro140
CHEMBL2109355,dusigitumab,2.0,Antibody,5,dusigitumab|dusigitumab,medi-573|medi573
CHEMBL2109357,veligrotug,2.0,Antibody,11,veligrotug|veligrotug,ave-1642|ave1642|vrdn-001|wbp2363
CHEMBL2109377,pamrevlumab,3.0,Antibody,4,pamrevlumab|pamrevlumab,fg-3019
CHEMBL2109384,demcizumab,2.0,Antibody,4,demcizumab|demcizumab,omp-21m18
CHEMBL2109389,imgatuzumab,2.0,Antibody,12,imgatuzumab|imgatuzumab,ga-201|ga201|huma-b|humab|humab<egfr>
CHEMBL2109406,patritumab,3.0,Antibody,5,patritumab|patritumab,amg 888|u3-1287
CHEMBL2109427,zolbetuximab,4.0,Antibody,10,vyloy|zolbetuximab|zolbetuximab,imab-362|imab362
CHEMBL2109502,sgn-15,2.0,Unknown,5,,bms-182248|br96|br-96 cbr96-doxorubicin immunoconjugate|sgn-15
CHEMBL2109506,hu3s193,2.0,Unknown,2,,hu3s193
CHEMBL2109512,mcs-110,2.0,Unknown,2,,mcs-110
CHEMBL2109513,pd-360324,2.0,Unknown,2,,pd-360324
CHEMBL2109549,j591,2.0,Unknown,5,rosopatamab,huj-591|huj591-gs|j591
CHEMBL2109559,j591 177lu,2.0,Unknown,3,,177 lu-j591|huj591-gs
CHEMBL2109604,camoteskimab,2.0,Antibody,13,camoteskimab,aevi-007|aevi007|avtx-007|avtx007|cerc-007
CHEMBL2109621,abituzumab,2.0,Antibody,7,abituzumab,di 17e6|di-17e6|di17e6|emd 525797|emd-525797
CHEMBL2109629,anetumab ravtansine,2.0,Antibody drug conjugate,8,anetumab ravtansine,bay 94-9343|bay-94-9343|bay-949343|bay94-9343|bay949343
CHEMBL2109635,sar-566658,2.0,Unknown,5,,huds6-dm4|sar-566658|sar566658
CHEMBL2109636,vilobelimab,3.0,Antibody,7,vilobelimab|vilobelimab,cacp 29|cacp29|ifx-1
CHEMBL2109637,huhmfg1,2.0,Unknown,7,,as1402|huhmfg1|r1550
CHEMBL2109653,bermekimab,3.0,Antibody,10,bermekimab|bermekimab|xilonix,ca-18c3|cv-18c3|mabp1|ra-18c3|t2-18c3
CHEMBL2109662,dalantercept,3.0,Protein,4,dalantercept|dalantercept,ace-041
CHEMBL2109667,simtuzumab,2.0,Antibody,6,simtuzumab|simtuzumab,ab-0024|ab0024|gs-6624
CHEMBL2109677,huj591 111in,2.0,Unknown,3,,huj591
CHEMBL2109678,huj591 177lu,2.0,Unknown,3,,huj591
CHEMBL2110563,cyanocobalamin,4.0,Small molecule,46,behepan|berubigen|betalin 12|calomist|cobavite,nsc-80365
CHEMBL2110587,tasisulam,3.0,Small molecule,4,tasisulam,ly-573636
CHEMBL2110725,vinflunine,4.0,Small molecule,5,vinflunine,
CHEMBL2110732,dacomitinib anhydrous,4.0,Small molecule,2,,
CHEMBL2110824,buserelin,4.0,Protein,7,buserelin|buserelin,
CHEMBL2111084,belotecan,3.0,Small molecule,4,belotecan,
CHEMBL2111107,sugammadex,4.0,Oligosaccharide,5,sugammadex|sugammadex,
CHEMBL2111187,radium dichloride,4.0,Small molecule,1,,
CHEMBL2134724,ipratropium bromide,4.0,Small molecule,33,atrovent|atrovent aerocaps|atrovent fte|atrovent hfa|atrovent udvs,nsc-759613|sch-1000-br-|sch 1000-br-monohydrate
CHEMBL2141296,ixazomib,3.0,Small molecule,9,ixazomib|ixazomib,mln-2238|mln2238|mln-9708 free base
CHEMBL2142592,taladegib,2.0,Small molecule,5,taladegib|taladegib,ly-2940680|ly2940680
CHEMBL2146146,atropine sulfate,4.0,Small molecule,29,atropine sulfate|atropine sulfate ansyr plastic syringe|atropine sulfate component of colonaid|atropine sulfate component of di-atro|atropine sulfate component of enlon-plus,nsc-26671|nsc-755889|syd-101
CHEMBL2146883,cobimetinib,4.0,Small molecule,15,cobimetinib|cobimetinib,gdc-0973|rg 7420|rg-7420|rg7420
CHEMBL2158051,xevinapant,3.0,Small molecule,11,xevinapant|xevinapant,d-1143|debio 1143|debio-1143|iap inhibitor at-406|msc2735845a
CHEMBL2158685,abc-294640,2.0,Small molecule,5,opaganib,abc 294640
CHEMBL2163631,sabizabulin,3.0,Small molecule,7,sabizabulin|sabizabulin,abi-231|app-111|veru-111
CHEMBL216913,mitoguazone,3.0,Small molecule,4,mitoguazone,
CHEMBL217092,saracatinib,3.0,Small molecule,7,saracatinib|saracatinib,az-10353926|azd-0530|azd0530
CHEMBL2177390,ipatasertib,3.0,Small molecule,7,ipatasertib|ipatasertib,gdc-0068|rg-7440|rg7440
CHEMBL219568,guanine,3.0,Small molecule,8,,
CHEMBL220491,brinzolamide,4.0,Small molecule,17,azopt|brinzolamide|brinzolamide|brinzolamide|brinzolamide component of azarga,al-4862|nsc-760050
CHEMBL220492,topiramate,4.0,Small molecule,33,epitomax|eprontia|qudexy xr|topamax|topamax sprinkle,mcn-4853|rwj-17021|rwj-17021-000|usl-255|usl255
CHEMBL2207503,mobinitinib,2.0,Small molecule,8,mobinitinib,cct-241736|cct241736
CHEMBL2216870,idelalisib,4.0,Small molecule,19,idelalisib|idelalisib|zydelig,cal-101|gs-1101
CHEMBL2218860,gadobutrol,4.0,Small molecule,15,gadavist|gadobutrol|gadobutrol,bay86-4875|zk 135079|zk-135079
CHEMBL2218878,trimetrexate glucuronate,4.0,Small molecule,6,neutrexin|trimetrexate glucuronate,nsc-352122
CHEMBL2218894,fluvastatin sodium,4.0,Small molecule,27,dorisin xl|fluvastatin sodium|fluvastatin sodium|lescol|lescol xl,xu 62-320|xu-62-320
CHEMBL2218896,nabilone,4.0,Small molecule,12,cesamet|nabilone|nabilone|nabilone,cpd 109514|cpd-109514
CHEMBL2218917,cevimeline hydrochloride,4.0,Small molecule,15,cevimeline hydrochloride|cevimeline hydrochloride|evoxac,af-102b|af102b|fks-508|snd-5008|sni-2011
CHEMBL2219415,gadoterate meglumine,4.0,Small molecule,13,dotarem|gadoterate meglumine,p 449|p-449|p449
CHEMBL2219422,afuresertib,3.0,Small molecule,10,afuresertib|afuresertib,asb-183|asb183|gsk-2110183|gsk2110183|gsk-2110183c
CHEMBL2219773,custirsen sodium,3.0,Oligonucleotide,6,custirsen sodium,isis 112989|isis-112989|ogx-011
CHEMBL2219774,gataparsen,2.0,Oligonucleotide,5,gataparsen|gataparsen,ly-2181308|ly2181308
CHEMBL2220442,fluvastatin,4.0,Small molecule,9,fluvastatin|fluvastatin,nsc-758896
CHEMBL2220486,lucitanib,2.0,Small molecule,10,lucitanib|lucitanib,al-3810|co-3810|e-3810|s 80881|s-80881
CHEMBL222280,broxuridine,2.0,Small molecule,5,broxuridine,nsc-38297
CHEMBL223228,efavirenz,4.0,Small molecule,26,efavirenz|efavirenz|efavirenz|efavirenz component of atripla|efavirenz component of symfi,dmp-266|l-743726|nsc-742403
CHEMBL223360,linifanib,3.0,Small molecule,7,linifanib|linifanib,a-741439|abt-869|al-39324|rg-3635
CHEMBL224060,vorozole,2.0,Small molecule,9,rivizor|vorozole|vorozole|vorozole,r 83842|r-83842|r-83942
CHEMBL225071,raltitrexed,4.0,Small molecule,12,raltitrexed|raltitrexed|raltitrexed|tomudex,zd-16|zd-1694|zd1694
CHEMBL225072,pemetrexed,4.0,Small molecule,12,alimta|pemetrexed|pemetrexed|pemfexy,ly-231514|ly231514|nsc-698037
CHEMBL226267,arzoxifene,3.0,Small molecule,6,arzoxifene,ly-353381|ly353381
CHEMBL226335,rutin,3.0,Small molecule,21,rutoside,c.i. 75730|nsc-9220
CHEMBL228814,ispinesib,2.0,Small molecule,8,ispinesib,
CHEMBL2304041,sagopilone,2.0,Small molecule,10,sagopilone|sagopilone,bay86-5302|de-03757|zk 219477|zk-219477|zk-epo
CHEMBL231068,flibanserin,4.0,Small molecule,14,addyi|flibanserin|flibanserin,bimt 17|bimt-17|bimt 17 bs|bimt-17-bs
CHEMBL2311128,tetrahydrouridine,2.0,Small molecule,4,,nsc-112907|nsc-112907-d|u-23284
CHEMBL2312181,p-276-00,2.0,Small molecule,3,,p 276-00|p-27600
CHEMBL2315212,magnesium valproate,3.0,Small molecule,3,dipromal,
CHEMBL231616,triapine,3.0,Small molecule,7,,3-ap|nsc-663249|ocx-0191|ocx-191|pan-811
CHEMBL231779,apixaban,4.0,Small molecule,13,apixaban|apixaban|apixaban accord|eliquis,bms-562247|bms-562247-01
CHEMBL2325741,capivasertib,4.0,Small molecule,19,capivasertib|capivasertib|truqap,azc5363|azd-5363|azd5363
CHEMBL2336325,vistusertib,2.0,Small molecule,13,vistusertib|vistusertib,azd-2014|azd2014
CHEMBL2347597,asnuciclib,2.0,Small molecule,5,asnuciclib,cdki-73|cdki73
CHEMBL235191,tacedinaline,3.0,Small molecule,10,tacedinaline|tacedinaline,ci-994|goe 5549|goe-5549|pd 123654|pd-123654
CHEMBL2354444,pirarubicin,3.0,Small molecule,8,pirarubicin,
CHEMBL235668,tipiracil,4.0,Small molecule,7,tipiracil|tipiracil,ma-1|tpi (freebase)
CHEMBL2359670,thiethylperazine malate,4.0,Small molecule,4,torecan,
CHEMBL2360079,acetophenazine maleate,4.0,Small molecule,11,acetophenazine maleate|tindal,nsc-169180|nsc-70600|sch 6673|sch-6673
CHEMBL2360464,pemetrexed disodium,4.0,Small molecule,15,alimta|pemetrexed baxter|pemetrexed disodium|pemetrexed lilly|pemetrexed sandoz,ly-231514 disodium salt|ly231514 disodium salt
CHEMBL2360580,buclizine hydrochloride,4.0,Small molecule,19,bucladin|bucladin-s|buclizine hydrochloride|equivert|vibazine,nsc-25141|ucb 4445|ucb-4445
CHEMBL2364611,galunisertib,2.0,Small molecule,6,galunisertib|galunisertib,ly-2157299|ly2157299
CHEMBL2364626,ralimetinib,2.0,Small molecule,9,ralimetinib|ralimetinib,lsn-2322600 free base|lsn2322600 free base|ly-2228820|ly2228820|ly22288220
CHEMBL2364649,margetuximab,4.0,Antibody,9,margenza|margetuximab|margetuximab,mgah-22|mgah22
CHEMBL2364655,evolocumab,4.0,Antibody,11,evolocumab|evolocumab|repatha|repatha sureclick,amg-145
CHEMBL2364656,topsalysin,3.0,Unknown,7,topsalysin|topsalysin,prx-302|prx302
CHEMBL236687,perillyl alcohol,2.0,Small molecule,15,,fema no. 2664|nsc-641066
CHEMBL2368924,dolasetron mesylate,4.0,Small molecule,13,anzemet|dolasetron mesylate,"mdl 73,147ef|mdl-73147ef"
CHEMBL238071,vindesine,4.0,Small molecule,9,vindesine|vindesine|vindesine,compound 112531|compound-112531
CHEMBL2387080,taselisib,3.0,Small molecule,5,taselisib|taselisib,gdc-0032|rg-7604
CHEMBL239243,taurine,3.0,Small molecule,10,o-due|taurine,fema no. 3813|nsc-32428
CHEMBL2396661,alpelisib,4.0,Small molecule,21,alpelisib|alpelisib|piqray|vijoice,byl719|nvp-byl719
CHEMBL2402737,idasanutlin,3.0,Small molecule,18,idasanutlin|idasanutlin,rg-7388|rg7388|ro-5503781|ro5503781
CHEMBL2403108,ceritinib,4.0,Small molecule,24,ceritinib|ceritinib|zykadia,ldk-378|ldk378|nvp-ldk-378-nx|nvp-ldk378-nx
CHEMBL2408045,sapitinib,2.0,Small molecule,5,sapitinib,azd-8931|azd8931
CHEMBL2431768,lcl-161,2.0,Small molecule,5,,lcl161
CHEMBL24778,silodosin,4.0,Small molecule,21,rapaflo|silodosin|silodosin recordati|silodyx|urorec,kad-3213|kmd-3213
CHEMBL24828,vandetanib,4.0,Small molecule,18,caprelsa|vandetanib|vandetanib|vandetanib|zactima,gnf-pf-2188|nsc-744325|nsc-760766|zd-64|zd-6474
CHEMBL25,aspirin,4.0,Small molecule,80,8-hour bayer|acetosalic acid|acetylsalic acid|alka rapid|anadin all night,bay1019036|nsc-27223|nsc-406186
CHEMBL252164,luminespib,2.0,Small molecule,14,luminespib|luminespib,nvp-auy-922|nvp-auy922-nx|ver-52296
CHEMBL253969,osi-632,2.0,Small molecule,9,,"cp-547,632|cp-547632|cp-632|osi-632|pan 90806"
CHEMBL254328,abiraterone,4.0,Small molecule,11,abiraterone|zytiga,cb 7598|cb-7598|nsc-741232
CHEMBL254468,fluciclovine f18,4.0,Small molecule,22,axumin|fluciclovine (18f)|fluciclovine f 18|fluciclovine f18,facbc|ge-148|ge-148 (18f)|ge-148 f-18|nmk-36
CHEMBL255863,nilotinib,4.0,Small molecule,10,nilotinib|nilotinib,amn 107|amn-107|amn107|nsc-747599
CHEMBL256087,menthol,4.0,Small molecule,26,aqua-cool|aquasoothe|arjun|catarrh|dermacool,fema no. 2665|nsc-2603
CHEMBL256907,maraviroc,4.0,Small molecule,13,celsentri|maraviroc|selzentry,uk-427857
CHEMBL257662,zd-6126,2.0,Small molecule,9,,ang 453|ang-453|azd 6126|azd-6126|zd 6126
CHEMBL260046,evofosfamide,3.0,Small molecule,6,evofosfamide|evofosfamide,hap-302|th-302
CHEMBL260538,ulipristal acetate,4.0,Small molecule,16,ella|ellaone|esmya|ulipristal acetate|ulipristal acetate gedeon richter,cdb-2914|pgl-4001|rti-3021-012|va-2914|va2914
CHEMBL262777,vancomycin,4.0,Small molecule,7,vancomycin,
CHEMBL26424,tesmilifene,2.0,Small molecule,4,tesmilifene,
CHEMBL264241,anidulafungin,4.0,Small molecule,19,anidulafungin|anidulafungin|ecalta|eraxis,d70013|ly-303366|ly303366|ver-002|ver002
CHEMBL267227,delta-8-tetrahydrocannabinol,2.0,Small molecule,11,,nsc-134453
CHEMBL267345,amphotericin b,4.0,Small molecule,33,abelcet|ambisome|amophotericin b|ampho-moronal|amphotec,nsc-527017
CHEMBL269732,tacrolimus anhydrous,4.0,Small molecule,34,,
CHEMBL27,propranolol,4.0,Small molecule,14,propranolol|propranolol,ay-64043-
CHEMBL270190,alvimopan,4.0,Small molecule,16,alvimopan|alvimopan|alvimopan|entereg,adl 8-2698|adl-8-2698|ly-246736|ly246736|ly-246736 dihydrate
CHEMBL270995,brivanib alaninate,3.0,Small molecule,9,brivanib alaninate|brivanib alaninate,bms-582664|bms-582664-02
CHEMBL271227,abiraterone acetate,4.0,Small molecule,17,abiraterone accord|abiraterone acetate|abiraterone acetate component of akeega|abiraterone krka|abiraterone mylan,cb-7630|cb7630|nsc-748121|nsc-749227
CHEMBL272980,mocetinostat,2.0,Small molecule,5,mocetinostat|mocetinostat,mgcd-0103|mgcd0103
CHEMBL274070,9-aminocamptothecin,2.0,Small molecule,5,,nsc-603071
CHEMBL275638,flavone,2.0,Small molecule,9,,nsc-19028
CHEMBL276711,semaxanib,3.0,Small molecule,9,semaxanib|semaxanib,nsc-696819|su005416|su-5416|su5416
CHEMBL276832,hydralazine,4.0,Small molecule,7,hydralazine|hydralazine polistirex,nsc-126699
CHEMBL27759,entinostat,3.0,Small molecule,7,entinostat|entinostat,ms-27-275|ms-275-27|sndx-275
CHEMBL278020,neostigmine,4.0,Small molecule,8,,
CHEMBL278315,geldanamycin,2.0,Small molecule,3,,nsc-122750
CHEMBL279785,marimastat,3.0,Small molecule,16,marimastat|marimastat|marimastat,bb 2516|bb-2516|bb2516|gi 5712|gi-5712
CHEMBL282468,choline chloride,3.0,Small molecule,9,choline chloride,fema no. 4500|nsc-402838
CHEMBL283800,creatine,3.0,Small molecule,7,,nsc-8752
CHEMBL286738,irosustat,2.0,Small molecule,11,irosustat|irosustat,667 coumate|667-coumate|bn 83495|bn-83495|bn83495
CHEMBL288441,bosutinib,4.0,Small molecule,8,bosutinib|bosutinib,sk-606|ski-606
CHEMBL289228,tipifarnib,3.0,Small molecule,9,tipifarnib|tipifarnib,nsc-702818|r-11577|r-115777|r115777
CHEMBL289351,fosbretabulin disodium,2.0,Small molecule,6,fosbretabulin disodium,ca-4dp|ca4dp|ca 4p
CHEMBL289469,granisetron,4.0,Small molecule,18,granisetron|granisetron|granisetron|sancuso|sustol,apf-530|apf530|brl 43694|brl-43694|ly-278584
CHEMBL294199,capsaicin,4.0,Small molecule,32,capsaicin|qutenza|zacin|zostrix|zostrix hp,algrx 4975|algrx-4975|fema no. 3404|ngx-1998|ngx-4010
CHEMBL297453,epigalocatechin gallate,3.0,Small molecule,2,,
CHEMBL298734,lonafarnib,4.0,Small molecule,12,lonafarnib|lonafarnib|zokinvy,sch 66336|sch-66336|sch66336
CHEMBL3,nicotine,4.0,Small molecule,32,habitrol|nicabate|nicoderm cq|nicopass|nicopatch,
CHEMBL30,cimetidine,4.0,Small molecule,43,acid-eze|acitak 200|acitak 400|acitak 800|brumetadina,nsc-335308|skf-92334
CHEMBL300138,enzastaurin,3.0,Small molecule,12,enzastaurin|enzastaurin|kinenza,db-102|db102|ly-317615|ly317615
CHEMBL3039502,duvelisib,4.0,Small molecule,8,duvelisib|duvelisib,ink-1147|ink-1197|ipi-145
CHEMBL3039521,vintafolide,3.0,Unknown,7,vintafolide|vintafolide,ec-145|ec145
CHEMBL3039522,birinapant,2.0,Small molecule,5,birinapant|birinapant,tl-32711|tl32711
CHEMBL3039544,tecemotide,3.0,Protein,14,emepepimut-s|stimuvax|tecemotide|tecemotide,blp-25|blp25|bp-1-148|emd 531444|lipopeptide blp-25
CHEMBL3039547,pexastimogene devacirepvec,3.0,Gene,5,pexastimogene devacirepvec|pexastimogene devacirepvec,jx-594
CHEMBL3039550,rilimogene galvacirepvec,3.0,Gene,6,prostvac[tm]|rilimogene galvacirepvec|rilimogene galvacirepvec,prostvac-v
CHEMBL3039556,apatorsen,2.0,Oligonucleotide,4,apatorsen|apatorsen,ogx-427
CHEMBL3039558,etirinotecan pegol,3.0,Unknown,5,etirinotecan pegol|etirinotecan pegol,nktr-102
CHEMBL3039596,fosinopril sodium,4.0,Small molecule,15,fosinopril sodium|fosinopril sodium|fosinopril sodium component of monopril hct|fositens|fozitec,sq 28555|sq-28555
CHEMBL305666,lurtotecan,2.0,Small molecule,2,lurtotecan,
CHEMBL306823,sodium dichloroacetate,3.0,Small molecule,9,ceresine|sodium dichloroacetate,cmi x-11s|cpc-211|dca|nsc-744479
CHEMBL307177,ly-295501,2.0,Small molecule,4,,ilx-295501|ly295501
CHEMBL3084748,trospium chloride,4.0,Small molecule,26,flotros|regurin|regurin xl|sanctura|sanctura xr,ip-631|ip631
CHEMBL3115681,narazaciclib,2.0,Small molecule,6,narazaciclib,
CHEMBL3125702,navtemadlin,3.0,Small molecule,16,navtemadlin|navtemadlin,amg 232|amg-232|krt-232
CHEMBL3126004,fosgemcitabine palabenamide,3.0,Small molecule,12,fosgemcitabine palabenamide|fosgemcitabine palabenamide,"bio-1031|cpf-31|cpf31|nuc-1031|nuc-1031, (s)-"
CHEMBL312862,demecolcine,2.0,Small molecule,6,demecolcine,c-12669|nsc-3096
CHEMBL313302,triaziquone,2.0,Small molecule,9,triaziquone,bayer 3231|bayer-3231|nsc-29215|riker 601|riker-601
CHEMBL3137309,venetoclax,4.0,Small molecule,29,venclexta|venclyxto|venetoclax|venetoclax,abt-199|gdc-0199|rg-7601|rg7601
CHEMBL3137318,talazoparib tosylate,4.0,Small molecule,10,talazoparib tosylate|talzenna,bmn 673ts|bmn-673ts
CHEMBL3137320,talazoparib,4.0,Small molecule,17,talazoparib|talazoparib,bmn 673|bmn-673|lt-673|pf-06944076
CHEMBL3137322,dianhydrogalactitol,3.0,Small molecule,10,dianhydrogalactitol|dianhydrogalactitol,nsc-132313|nsc-1323313|val-083
CHEMBL3137331,defactinib,3.0,Small molecule,12,defactinib|defactinib,pf-04554878|vs-6063
CHEMBL3137336,uprosertib,2.0,Small molecule,9,uprosertib|uprosertib,gsk2141795|gsk-2141795c|gsk2141795c
CHEMBL3137342,dinutuximab,4.0,Antibody,9,dinutuximab|dinutuximab|unituxin,ch14.18|ch14.18-utc
CHEMBL3137343,pembrolizumab,4.0,Antibody,18,keytruda|lambrolizumab|pembrolizumab|pembrolizumab|pembrolizumab component of mk-1308a,mk-3475|pembrolizumab component of keylynk-010|sch-900475
CHEMBL3137345,duligotuzumab,2.0,Antibody,10,duligotuzumab|duligotuzumab,mehd-7945a|mehd7945a|rg-7597|rg7597
CHEMBL3137347,varlilumab,2.0,Antibody,4,varlilumab|varlilumab,cdx-1127
CHEMBL3137685,nedaplatin,3.0,Small molecule,8,nedaplatin,nsc-375101d
CHEMBL313972,masoprocol,4.0,Small molecule,20,actinex|masoprocol|masoprocol,chx-100|meso-ndga|nsc-4291|nsc-682984
CHEMBL31422,maltol,3.0,Small molecule,14,,fema no. 2656|nsc-2829|nsc-404458
CHEMBL31574,fisetin,2.0,Small molecule,8,,nsc-407010|nsc-656275
CHEMBL31634,brivudine,2.0,Small molecule,12,brivudine,nsc-633770|rp-101|rp101
CHEMBL3183184,octinoxate,4.0,Small molecule,35,octinoxate|octinoxate|octinoxate component of shade uvaguard|parsol,nsc-26466
CHEMBL3183409,apalutamide,4.0,Small molecule,12,apalutamide|erleada,arn-509|jnj-56021927
CHEMBL3185229,magnesium chloride,4.0,Small molecule,17,magnesium chloride component of navstel|magnesium chloride component of normocarb,e-511|ins-511|ins no.511
CHEMBL3186011,eprenetapopt,3.0,Small molecule,7,eprenetapopt|eprenetapopt,apr-246|prima-1met
CHEMBL3186492,ondansetron hydrochloride,4.0,Small molecule,29,demorem|ondansetron hydrochloride|ondansetron hydrochloride|ondansetron hydrochloride preservative free|ondemet,gr 38032f|gr-38032f|gr-c507/75|nsc-665799|sn 307
CHEMBL3186534,rivoceranib,3.0,Small molecule,7,rivoceranib|rivoceranib,yn968d1|yn968d1 free base
CHEMBL3186849,cpi 613,3.0,Small molecule,6,devimistat,cpi 613|cpi613
CHEMBL3186993,hydroxyzine hydrochloride,4.0,Small molecule,14,alamon|atarax|atarax dihydrochloride|aterax|atranine a,
CHEMBL3187723,binimetinib,4.0,Small molecule,17,binimetinib|binimetinib|mektovi,arry-162|arry 438162|arry-438162|mek-162|mek162
CHEMBL3188034,triprolidine hydrochloride,4.0,Small molecule,20,actidil|myidyl|pro-actidil|triprolidine hydrochloride|triprolidine hydrochloride component of actahist,nsc-757361
CHEMBL3188091,sovatelitide,3.0,Protein,11,sovatelitide|sovateltide|sovateltide,irl-1620|pmz-1620|spi 1620|spi-1620
CHEMBL3188267,capmatinib,4.0,Small molecule,24,capmatinib|capmatinib,inc-280|inc280|incb-28060|incb-28060 free base|nvp-inc280
CHEMBL32,moxifloxacin,4.0,Small molecule,11,avelox|avelox i.v.|moxifloxacin,
CHEMBL320775,nolatrexed,3.0,Small molecule,3,nolatrexed,
CHEMBL3218576,copanlisib,4.0,Small molecule,9,copanlisib|copanlisib,bay 80-6946|bay-80-6946|bay80-6946
CHEMBL3244648,methotrexate sodium,4.0,Small molecule,21,abitrexate|folex|folex pfs|methotrexate lpf|methotrexate preservative free,adx-2191 sodium
CHEMBL3247378,darinaparsin,2.0,Small molecule,9,darinaparsin|darinaparsin,zio-101
CHEMBL325041,bortezomib,4.0,Small molecule,12,bortezomib|bortezomib|bortezomib,ldp-341|nsc-681239|ps-341
CHEMBL3250476,ateganosine,2.0,Small molecule,12,ateganosine|thio,nsc-71261
CHEMBL3260567,vactosertib,2.0,Small molecule,6,vactosertib,tew-7197
CHEMBL3264002,avutometinib,3.0,Small molecule,13,avutometinib|avutometinib,ch-5126766|ch5126766|cki-27|r-7304|ro-5126766
CHEMBL3264610,seviteronel,2.0,Small molecule,3,seviteronel,
CHEMBL328190,lasofoxifene,4.0,Small molecule,5,lasofoxifene,
CHEMBL3286830,lorlatinib,4.0,Small molecule,10,lorbrena|lorlatinib|lorlatinib|lorviqua,pf-06463922
CHEMBL329123,etalocib,2.0,Small molecule,9,etalocib|etalocib,ly-193111|ly-293111|ly293111|vml 295
CHEMBL3301578,emibetuzumab,2.0,Antibody,8,emibetuzumab|emibetuzumab,c-8h241|la480|ly-2875358|ly2875358
CHEMBL3301582,polatuzumab vedotin,4.0,Antibody drug conjugate,25,polatuzumab vedotin|polatuzumab vedotin|polivy,acd-79b-vcmmae|acd-79bvcmmae|acd79b-vcmmae|dcds-4501a|dcds4501a
CHEMBL3301587,durvalumab,4.0,Antibody,11,durvalumab|durvalumab|imfinzi,medi-4736|medi4736
CHEMBL3301589,enfortumab vedotin,4.0,Antibody drug conjugate,16,enfortumab vedotin|enfortumab vedotin|padcev,ags-22ce|ags-22m6e|ags-22me|ags-22mse|asg-22me
CHEMBL3301605,relebactam,4.0,Small molecule,11,relebactam|relebactam|relebactam component of mk-7655a|relebactam component of recarbrio|relebactam component of recarbrio   monohydrate,mk-7655 monohydrate
CHEMBL3301610,abemaciclib,4.0,Small molecule,24,abemaciclib|abemaciclib|verzenio|verzenios,ly-2835219|ly2835219
CHEMBL3301611,amifampridine phosphate,4.0,Small molecule,11,amifampridine phosphate|amifampridine serb|firdapse|firdapse (previously zenas),"3,4-dapp|dapp"
CHEMBL3301612,encorafenib,4.0,Small molecule,14,braftovi|encorafenib|encorafenib,nvp-lgx818|nvp-lgx-818-nxa|nvp-lgx818-nxa
CHEMBL3301618,motolimod,2.0,Small molecule,5,motolimod|motolimod,vtx-2337|vtx-378
CHEMBL3301622,gilteritinib,4.0,Small molecule,8,gilteritinib|gilteritinib,asp-2215|asp2215
CHEMBL3301674,ifetroban sodium,2.0,Small molecule,3,ifetroban sodium,bms-180291-02
CHEMBL3301675,linaclotide,4.0,Protein,16,constella|linaclotide|linaclotide|linzess,asp-0456|asp0456|md-1100|md-7246 (delayed release formulation)
CHEMBL3334567,savolitinib,3.0,Small molecule,8,savolitinib|savolitinib,azd-6094|azd6094|hmpl-504
CHEMBL3348846,fexagratinib,2.0,Small molecule,20,fexagratinib,absk-091|absk091|kb-74810
CHEMBL3348923,tovorafenib,4.0,Small molecule,17,ojemda|tovorafenib|tovorafenib,biib-024|biib024|day-101|day101|mln-2480
CHEMBL3349001,avn-944,2.0,Small molecule,4,,avn 944|avn944
CHEMBL3349607,pasireotide,4.0,Protein,11,pasireotide|pasireotide|signifor,som 230|som-230|som230
CHEMBL3353410,osimertinib,4.0,Small molecule,12,osimertinib|osimertinib|tagrisso,azd-9291|azd9291|azd-9291 free base
CHEMBL3357685,zelenirstat,2.0,Small molecule,10,zelenirstat,cci-002|ddd 86481|ddd-86481|ddd86481
CHEMBL3360203,pilaralisib,2.0,Small molecule,8,pilaralisib|pilaralisib,sar-245408|sar245408|xl-147|xl147
CHEMBL336296,uridine triphosphate,3.0,Small molecule,6,,ins-316|ins316
CHEMBL337450,tas-109,2.0,Small molecule,5,radgocitabine,
CHEMBL3402762,tepotinib,4.0,Small molecule,11,tepotinib|tepotinib,emd 1214063|emd-1214063|emd1214063|msc-2156119|msc2156119
CHEMBL3408947,ocifisertib,2.0,Small molecule,12,ocifisertib,
CHEMBL3414621,tazemetostat,4.0,Small molecule,16,tazemetostat|tazemetostat,e-7438|e7438|epz-6438|epz6438
CHEMBL34259,methotrexate,4.0,Small molecule,40,ebetrex|emtexate high-pot|emtexate pf|jylamvo|maxtrex,adx-2191|cl 14377|cl-14377|emt-25299|nsc-740
CHEMBL3427435,ctt-1057,3.0,Small molecule,3,,ctt1057
CHEMBL343448,romidepsin,4.0,Protein,38,chromadax|istodax|romidepsin|romidepsin,fk-228|fk228|fr-901228|fr901228|nsc-630176
CHEMBL34412,lometrexol,2.0,Small molecule,4,lometrexol|lometrexol,ly264618
CHEMBL344159,tolvaptan,4.0,Small molecule,15,jinarc|jynarque|samsca|tolvaptan|tolvaptan,opc-41061|opc-41061(tolvaptan)
CHEMBL348475,tariquidar,3.0,Small molecule,7,tariquidar|tariquidar|tariquidar,xr-9576|xr9576
CHEMBL35,furosemide,4.0,Small molecule,39,aluzine 20|aluzine 40|aluzine 500|aquamed|diuresal,lb-502|nsc-269420
CHEMBL3526802,nibrozetone,3.0,Small molecule,10,nibrozetone|nibrozetone,rrx-001
CHEMBL3542265,ly2452473,2.0,Small molecule,5,,ly-2452473|ly2452473|opk-88004|tt-701
CHEMBL3544907,picoplatin,3.0,Small molecule,14,picoplatin|picoplatin|picoplatin,amd-473|amd473|nx 473|nx-473|nx473
CHEMBL3544908,azatadine maleate,4.0,Small molecule,13,azatadine maleate|azatadine maleate component of trinalin|lergocil|optimine,nsc-759874|sch 10649|sch-10649
CHEMBL3544910,motexafin gadolinium,3.0,Small molecule,14,motexafin gadolinium|xcytrin,api-gp3|fp-gp1|gadolinium texaphyrin|gd-tex|gd texaphyrin
CHEMBL3544911,prexasertib,2.0,Small molecule,6,prexasertib|prexasertib,ly-2606368|ly2606368
CHEMBL3544916,guadecitabine,3.0,Small molecule,6,guadecitabine|guadecitabine,sgi-110
CHEMBL3544954,zoptarelin doxorubicin,3.0,Protein,7,zoptarelin doxorubicin|zoptarelin doxorubicin,an-152
CHEMBL3544974,asenapine maleate,4.0,Small molecule,12,asenapine maleate|saphris|sycrest,org 5222|org-5222
CHEMBL3544983,tesevatinib,3.0,Small molecule,9,tesevatinib|tesevatinib,exel-7647|kd-019|kd019|kd-020|xl647
CHEMBL3544993,aglatimagene besadenovec,3.0,Gene,12,aglatimagene besadenovec|aglatimagene besadenovec|canatak|gliatak|oncatak,adv-tk
CHEMBL3544995,stapuldencel,3.0,Cell,7,stapuldencel|stapuldencel|stapuldencel-t,dcvac/pca
CHEMBL3545017,gtx-758,2.0,Small molecule,3,capesaris,
CHEMBL3545069,pelareorep,3.0,Unknown,9,pelareorep|reolysin,po bb0209|po-bb-0209|po-bb0209
CHEMBL3545071,seribantumab,2.0,Antibody,7,seribantumab|seribantumab,mm-121|mm121|sar-256212|sar256212
CHEMBL3545072,landogrozumab,2.0,Antibody,6,landogrozumab|landogrozumab,ly-2495655|ly2495655
CHEMBL3545097,sapanisertib,2.0,Small molecule,11,sapanisertib|sapanisertib,cb-228|ink-128|ink128|mln-0128|mln0128
CHEMBL3545110,ribociclib,4.0,Small molecule,11,ribociclib|ribociclib,lee-011|lee011|lee-011a|lee011a|nvp-lee011
CHEMBL3545111,hemay-022,3.0,Unknown,1,,
CHEMBL3545131,isatuximab,4.0,Antibody,10,isatuximab|isatuximab|sarclisa,sar-650984|sar650984
CHEMBL3545132,mirvetuximab soravtansine,4.0,Antibody drug conjugate,13,elahere|mirvetuximab soravtansine|mirvetuximab soravtansine,imgn-853|imgn853
CHEMBL3545154,poziotinib,3.0,Small molecule,11,poziotinib|poziotinib,hm 781-36|hm-781-36|hm 781-36b|hm-781-36b|hm781-36b
CHEMBL3545181,tiotropium bromide,4.0,Small molecule,22,braltus|spiriva|spiriva respimat|tiotropium bromide|tiotropium bromide,ba 679 br|ba-679 br|ba-679-br|ba-679br
CHEMBL3545185,selinexor,4.0,Small molecule,9,nexpovio|selinexor|selinexor|xpovio,kpt-330
CHEMBL3545210,tas-108,2.0,Small molecule,6,,hlx-801|sr-16234|tas-108
CHEMBL3545252,docetaxel,4.0,Small molecule,28,beizray|docetaxel|docetaxel|docetaxel|docetaxel,rp 56976|rp-56976|xrp6976
CHEMBL3545259,vanucizumab,2.0,Antibody,8,vanucizumab|vanucizumab,rg-7221|rg7221|ro-5520985|ro5520985
CHEMBL3545262,sacituzumab govitecan,4.0,Antibody drug conjugate,12,sacituzumab govitecan|sacituzumab govitecan|trodelvy,hrs7-sn38|hrs7sn38|hrs7-sn38-antibody-drug-conjugate|immu-132
CHEMBL3545280,efatutazone,2.0,Small molecule,5,efatutazone,cs-7017 anhydrous
CHEMBL3545307,merestinib,2.0,Small molecule,6,merestinib|merestinib,ly-2801653|ly2801653
CHEMBL3545308,rociletinib,3.0,Small molecule,17,rociletinib|rociletinib,avl-301|cnx-419|co-1686|cs-1631
CHEMBL3545311,brigatinib,4.0,Small molecule,20,alunbrig|brigatinib|brigatinib,ap-26113|ap26113
CHEMBL3545347,talfirastide,2.0,Protein,25,marstem|talfirastide|talfirastide,a(1-7)|ang-(1-7)|angiotensin (1-7)|etrx-101|txa-127
CHEMBL3545366,voxtalisib,2.0,Small molecule,7,voxtalisib|voxtalisib,sar-245409|sar245409|xl-765|xl765
CHEMBL3545369,epacadostat,3.0,Small molecule,6,epacadostat|epacadostat,incb-024360|incb024360
CHEMBL3545370,emactuzumab,3.0,Antibody,11,emactuzumab|emactuzumab,cxd-301|cxd301|rg-7155|rg7155|ro-5509554
CHEMBL3545373,enoblituzumab,2.0,Antibody,5,enoblituzumab|enoblituzumab,mga-271|mga271
CHEMBL3545376,erdafitinib,4.0,Small molecule,8,balversa|erdafitinib|erdafitinib,jnj-42756493
CHEMBL3545396,bms-690514,2.0,Small molecule,3,,
CHEMBL3545414,rivoceranib mesylate,3.0,Small molecule,7,aitan|rivoceranib mesylate,apatinib (registered name in china)|yn-968d1
CHEMBL355200,eniluracil,3.0,Small molecule,8,eniluracil|eniluracil|eniluracil,776-c-85|776c85
CHEMBL3578202,gozetotide,4.0,Small molecule,3,,
CHEMBL3581693,brilanestrant,2.0,Small molecule,8,brilanestrant|brilanestrant,arn-810|gdc-0810|rg-6046|rg6046
CHEMBL3586404,onatasertib,2.0,Small molecule,8,onatasertib|onatasertib,atg-008|atg008|cc-223|cc223
CHEMBL3590106,ulixertinib,2.0,Small molecule,11,ulixertinib,bvd-erk|vrt-752271
CHEMBL359744,doxorubicin hydrochloride,4.0,Small molecule,30,adriamycin|adriamycin pfs|adriamycin rdf|caelyx|caelyx pegylated liposomal,
CHEMBL361497,artesunate,4.0,Small molecule,21,arsumax|artesunate|artesunate|artesunate amivas,ljpc-0118|nsc-712571
CHEMBL3621988,tucidinostat,3.0,Small molecule,10,epidaza in china|tucidinostat|tucidinostat,cs-055|cs055|hbi-8000
CHEMBL3622533,fimepinostat,2.0,Small molecule,7,fimepinostat|fimepinostat,cudc-907|cudc907
CHEMBL3622820,itacitinib,3.0,Small molecule,9,itacitinib|itacitinib,incb-039110|incb039110
CHEMBL3639788,telaglenastat,2.0,Small molecule,4,telaglenastat|telaglenastat,cb-839
CHEMBL3643413,leniolisib,4.0,Small molecule,16,leniolisib|leniolisib,cdz-173-nx|cdz173-nx
CHEMBL3644587,2x-121,2.0,Small molecule,19,,2x-121|e-7449|e7449
CHEMBL3647420,pyrotinib,3.0,Small molecule,3,pyrotinib,shr-1258
CHEMBL3653256,siremadlin,2.0,Small molecule,9,siremadlin|siremadlin,hdm-201|hdm201|nvp-hdm 201
CHEMBL3657311,ifebemtinib,2.0,Small molecule,9,ifebemtinib,bi853520|in-10018|in10018
CHEMBL3661754,denifanstat,2.0,Small molecule,5,denifanstat,asc-40|tvb-2640
CHEMBL366460,isoflavone,3.0,Small molecule,3,,nsc-135405
CHEMBL367149,doconexent,3.0,Small molecule,13,doconexent,
CHEMBL3678958,ruserontinib,3.0,Small molecule,7,ruserontinib,sklb-1028
CHEMBL368347,(+)-secoisolariciresinol,2.0,Small molecule,1,,
CHEMBL3683575,roginolisib,2.0,Small molecule,9,roginolisib,ioa-244|ioa244|msc2360844
CHEMBL3686884,e-7090,2.0,Small molecule,6,tasurgratinib,e-7090|e7090
CHEMBL3689071,narmafotinib,2.0,Small molecule,6,narmafotinib,amp-945|amp945
CHEMBL3701238,futibatinib,4.0,Small molecule,11,futibatinib|futibatinib|lytgobi,tas-120
CHEMBL3707227,atezolizumab,4.0,Antibody,18,atezolizumab|atezolizumab|atezolizumab component of tecentriq hybreza|tecentriq,anti-pd-l1|anti-pdl1|mpdl-3280a|mpdl3280a|rg-7446
CHEMBL3707228,plozalizumab,2.0,Antibody,7,plozalizumab|plozalizumab,hu1d9|hu-1d9|mln-1202|mln1202
CHEMBL3707235,gemigliptin,3.0,Small molecule,8,gemigliptin,lc-15-0444|lc-150444|lc15-0444
CHEMBL3707260,leucovorin sodium,3.0,Small molecule,6,,
CHEMBL3707266,ribociclib succinate,4.0,Small molecule,9,kisqali|ribociclib succinate|ribociclib succinate component of kisqali femara co-pack,lee-011-bba|lee011-bba|lee-011 succinate
CHEMBL3707279,adagloxad simolenin,3.0,Unknown,4,adagloxad simolenin,obi-822|opt-822
CHEMBL3707285,ferric hydroxide,2.0,Small molecule,2,,
CHEMBL3707309,fexapotide triflutate,3.0,Protein,4,fexapotide triflutate,nx-1207|nx-1207 trifluoroacetate
CHEMBL3707324,utomilumab,3.0,Antibody,5,utomilumab|utomilumab,pf-05082566|pf-5082566
CHEMBL3707348,acalabrutinib,4.0,Small molecule,8,acalabrutinib|acalabrutinib,acp-196
CHEMBL3707349,amcasertib,2.0,Small molecule,5,amcasertib|amcasertib,bbi-503|bbi503
CHEMBL3707381,ofranergene obadenovec,3.0,Gene,5,ofranergene obadenovec|ofranergene obadenovec,vb-111
CHEMBL372764,perifosine,3.0,Small molecule,7,perifosine,aezs-104|krx-0401|nsc-639966
CHEMBL3740500,minnelide,2.0,Small molecule,1,,
CHEMBL376180,aminopterin,2.0,Small molecule,9,,nsc-739
CHEMBL377300,brivanib,3.0,Small molecule,9,brivanib,bms-540215
CHEMBL377559,retaspimycin hydrochloride,3.0,Small molecule,6,retaspimycin hydrochloride,ipi-504|ipi-504 hydrochloride
CHEMBL378031,fluorofuranylnorprogesterone,2.0,Small molecule,1,,
CHEMBL378544,vinblastine sulfate,4.0,Small molecule,19,"velban|velbe|vinblastine sulfate|vinblastine sulfate|vinblast,lederle",29060-le|29060le|nsc-49842
CHEMBL3785909,amg-337,2.0,Small molecule,2,,amg 337
CHEMBL3786343,olmutinib,4.0,Small molecule,9,olmutinib|olmutinib,bi 1482694|bi-1482694|hm-61713|hm61713
CHEMBL3787344,nazartinib,2.0,Small molecule,7,nazartinib|nazartinib,egf-816|egf816|nvp-egf816-nx
CHEMBL38,tretinoin,4.0,Small molecule,36,acticin|altreno|atralin|avita|renova,nsc-122758
CHEMBL3809489,bemcentinib,2.0,Small molecule,16,bemcentinib|bemcentinib,bgb 324|bgb-324|bgb324|cs-1046|hy-15150
CHEMBL3813842,paxalisib,2.0,Small molecule,10,paxalisib|paxalisib,g-02441729|g02441729|gdc-0084|gdc0084|rg 7666
CHEMBL3813873,pexidartinib,4.0,Small molecule,15,pexidartinib|pexidartinib,cml-261|plx-3397|plx3397
CHEMBL3818247,dalmelitinib,2.0,Small molecule,3,dalmelitinib,
CHEMBL382300,ortataxel,2.0,Small molecule,9,ortataxel,bay 59-8862|bay-59-8862|idn 5109|idn-5109|idn5109
CHEMBL3833344,gancotamab,2.0,Antibody,4,gancotamab|gancotamab,mm-302
CHEMBL3833367,satraplatin,3.0,Small molecule,11,satraplatin|satraplatin,bms-182751|bmy-45594|jm-216|nsc-744226
CHEMBL3833368,rucaparib camsylate,4.0,Small molecule,9,rubraca|rucaparib camsylate,c0-338|co-338|pf-1367338-bw
CHEMBL3833369,fish oil,4.0,Unknown,4,,b1782
CHEMBL3833373,avelumab,4.0,Antibody,14,avelumab|avelumab|bavencio,msb-0010682|msb0010682|msb0010718c
CHEMBL3833374,andecaliximab,3.0,Antibody,5,andecaliximab|andecaliximab,gs-5745|gs5745
CHEMBL3833384,eflapegrastim,4.0,Protein,13,eflapegrastim|eflapegrastim|rolvedon,hm-10460a|hm10460a|hnk-460|hnk460|spi-2012
CHEMBL383824,alvespimycin,2.0,Small molecule,5,alvespimycin,nsc-707545
CHEMBL384467,dexamethasone,4.0,Small molecule,69,aeroseb-dex|decaderm|decadron|decadron-75|decaspray,isv-305|nsc-34521|oto-104
CHEMBL386630,testosterone,4.0,Small molecule,40,androderm|androgel|androgel 1%|andropatch|axiron,nsc-9700|testim
CHEMBL387675,daptomycin,4.0,Small molecule,23,cubicin|cubicin rf|daptomycin|daptomycin|daptomycin,ly 146032|ly-146032|ly-164032
CHEMBL3889654,larotrectinib,4.0,Small molecule,17,larotrectinib|larotrectinib,arry-470|bay-2757556|bay2757556|loxo-101
CHEMBL3894860,trilaciclib,4.0,Small molecule,6,trilaciclib|trilaciclib,g1t28
CHEMBL389621,hydrocortisone,4.0,Small molecule,125,acetasol hc|acticort|aeroseb-hc|ala-cort|ala-scalp,flexicort|nsc-10483
CHEMBL3904602,lerociclib,3.0,Small molecule,7,lerociclib|lerociclib,g1t-38|g1t38|g1t38 free base
CHEMBL3907479,fgfr inhibitor debio 1347,2.0,Small molecule,1,,
CHEMBL3911164,varegacestat,2.0,Small molecule,6,varegacestat,
CHEMBL3917975,cambritaxestat,2.0,Small molecule,6,cambritaxestat,crt0273750|ioa-289|ioa289
CHEMBL3919831,amredobresib,2.0,Small molecule,5,amredobresib,bi-894999|bi894999
CHEMBL3930624,fluzoparib,3.0,Small molecule,8,fuzuloparib,hs-10160|hs10160|shr-3162|shr3162
CHEMBL393220,atorvastatin calcium,4.0,Small molecule,20,atorvaliq|atorvastatin calcium|atorvastatin calcium|atorvastatin calcium component of caduet|atorvastatin calcium component of liptruzet,ci-981|nsc-758617
CHEMBL3935857,serabelisib,2.0,Small molecule,10,serabelisib,agn-pc-0db6fl|ink1117|mln-1117|mln1117|tak-117
CHEMBL3936761,zanubrutinib,4.0,Small molecule,9,brukinsa|zanubrutinib|zanubrutinib,bgb-3111
CHEMBL3948730,umbralisib,4.0,Small molecule,9,umbralisib|umbralisib,rp-5264|rp5264|tgr-1202 base|tgr-1202 free base
CHEMBL3950590,vabametkib,2.0,Small molecule,3,vabametkib,
CHEMBL39541,dolastatin-10,2.0,Small molecule,3,,
CHEMBL3963485,rogaratinib,2.0,Small molecule,4,rogaratinib,bay-1163877
CHEMBL39677,acridine,2.0,Small molecule,3,,nsc-3408
CHEMBL3975308,nuvisertib,2.0,Small molecule,9,nuvisertib,sgi-9481|sgi9481|tp-3654|tp3654
CHEMBL3977543,belvarafenib,2.0,Small molecule,2,belvarafenib,
CHEMBL397783,5-fluoronicotinic acid,3.0,Small molecule,2,,
CHEMBL398707,hydromorphone,4.0,Small molecule,13,hydromorphone|hydromorphone,ids-nh-004|n02aa03|nsc-19046
CHEMBL3988900,zinc oxide,4.0,Small molecule,25,anusol|curash|dr.elsoms|pate a l'eau|polano's,
CHEMBL398891,"thiourea, n-(5-bromo-2-pyridinyl)-n'-(2-(2-chloro-3-ethoxy-6-fluorophenyl)ethyl)-",2.0,Small molecule,1,,
CHEMBL3989401,pamidronate disodium,4.0,Small molecule,14,aredia|pamidronate disodium|pamidronate disodium,cgp 23339ae|cgp-23339ae
CHEMBL3989406,enalaprilat,4.0,Small molecule,14,enalaprilat|enalaprilat|enalaprilat|enalaprilat,mk-422|nsc-760053
CHEMBL3989478,thiethylperazine maleate,4.0,Small molecule,11,thiethylperazine maleate|torecan,gs-95|nsc-130044
CHEMBL3989496,tezacitabine,2.0,Small molecule,5,tezacitabine,fmd-c|fmdc
CHEMBL3989512,soblidotin,2.0,Small molecule,7,soblidotin,tzt-1027
CHEMBL3989514,irinotecan hydrochloride,4.0,Small molecule,24,campto|camptosar|irinotecan hydrochloride|irinotecan hydrochloride|irinotecan hydrochloride component of xeliri,"cpt-11|dq-2805|nsc-759878|u-101,440e|u-101440e"
CHEMBL3989520,histamine phosphate,4.0,Small molecule,4,histamine phosphate,
CHEMBL3989555,meclizine hydrochloride,4.0,Small molecule,24,ancoloxin|antivert|bonine|meclizine hydrochloride|sea-legs,nsc-28728|nsc-757094|ucb-5062
CHEMBL3989569,ibandronate sodium,4.0,Small molecule,28,bondenza (previously ibandronic acid roche)|bondronat|boniva|bonviva|destara,bm-21.0955|bm-210955|bm 21.0955 na h20|nsc-759815
CHEMBL3989689,squalamine lactate,3.0,Small molecule,4,squalamine lactate,msi-1256f
CHEMBL3989727,vitamin e,4.0,Unknown,69,aquasol e|bio-e-vit|davina|e-caps|fort-e-vite,e-307a|ins-307a|ins no.307a|j203.513h|j24.260h
CHEMBL3989751,neomycin,4.0,Unknown,14,neomycin|neomycin,
CHEMBL3989759,exatecan mesylate,3.0,Small molecule,7,exatecan mesylate,dx-8951f
CHEMBL3989824,thiothixene hydrochloride,4.0,Small molecule,12,navane|thiothixene hydrochloride|thiothixene hydrochloride|thiothixene hydrochloride intensol,"cp-12,252-1|cp-122521"
CHEMBL3989857,magnesium sulfate,4.0,Small molecule,21,magnesium sulfate|magnesium sulfate component of suclear|magnesium sulfate component of suflave|magnesium sulfate component of sutab|magnesium sulfate component of tis-u-sol,
CHEMBL3989865,mipsagargin,2.0,Small molecule,6,mipsagargin|mipsagargin,g-202
CHEMBL3989868,tucatinib,4.0,Small molecule,12,tucatinib|tucatinib|tukysa,arry-380|mk-7119|ont-380
CHEMBL3989870,berzosertib,2.0,Small molecule,19,berzosertib|berzosertib,m-6620|m6620|ve-822|vx-970|vx970
CHEMBL3989885,trimeprazine tartrate,4.0,Small molecule,14,temaril|trimeprazine tartrate|vallergan|vallergan fte,nsc-17475|nsc-757358
CHEMBL3989916,tigilanol tiglate,2.0,Small molecule,9,stelfonta|tigilanol tiglate|tigilanol tiglate,ebc-46|ebi-46
CHEMBL3989921,neratinib maleate,4.0,Small molecule,5,nerlynx,
CHEMBL3989922,niraparib tosylate monohydrate,4.0,Small molecule,16,niraparib tosylate|niraparib tosylate component of akeega|niraparib tosylate monohydrate|niraparib tosylate monohydrate component of akeega  niraparib tosylate|zejula,gsk-3985771|gsk3985771|mk-4827|mk-4827 tosylate monohydrate
CHEMBL3989926,sitravatinib,3.0,Small molecule,8,sitravatinib|sitravatinib,mg-516|mg-91516|mgcd-516|mgcd516
CHEMBL3989939,larotrectinib sulfate,4.0,Small molecule,7,larotrectinib sulfate|vitrakvi,arry-470 sulfate|loxo-101 sulfate
CHEMBL3989958,ivosidenib,4.0,Small molecule,9,ivosidenib|ivosidenib|tibsovo,ag-120
CHEMBL3989976,pegvorhyaluronidase alfa,2.0,Enzyme,6,pegvorhyaluronidase alfa|pegvorhyaluronidase alfa,pegph-20|pegph20
CHEMBL3989989,axicabtagene ciloleucel,4.0,Gene,9,axicabtagene ciloleucel|axicabtagene ciloleucel|yescarta,kte-c19
CHEMBL3989990,istiratumab,2.0,Antibody,5,istiratumab|istiratumab,mm-005|mm-141
CHEMBL3989992,pegilodecakin,3.0,Protein,9,pegilodecakin|pegilodecakin,am-0010|am0010|ly-3500518|ly3500518
CHEMBL3990006,dociparstat sodium,3.0,Unknown,7,dociparstat sodium|dociparstat sodium,gm-1892|odsh
CHEMBL3990011,rovalpituzumab tesirine,3.0,Antibody drug conjugate,10,rovalpituzumab tesirine|rovalpituzumab tesirine,sc0002|sc-002|sc-16ld6.5|sc16ld6.5|sc16ld6.5-adc
CHEMBL3990016,oleclumab,3.0,Antibody,5,oleclumab|oleclumab,medi-9447|medi9447
CHEMBL3990022,vonlerolizumab,2.0,Antibody,12,vonlerolizumab|vonlerolizumab,moxr-0916|moxr0916|r0-7021608|r07021608|rg-7888
CHEMBL3990023,tozuleristide,2.0,Protein,5,tozuleristide|tozuleristide,blz-100
CHEMBL3990026,elapegademase,4.0,Enzyme,10,elapegademase|elapegademase|revcovi,ezn-2279|ezn2279
CHEMBL3990040,nalotimagene carmaleucel,3.0,Gene,5,nalotimagene carmaleucel|nalotimagene carmaleucel,hsv-tk
CHEMBL3990041,nadofaragene firadenovec,3.0,Gene,10,instiladrin|nadofaragene firadenovec|nadofaragene firadenovec,rad-ifn|rad-ifn-2b
CHEMBL3990044,relatlimab,4.0,Antibody,10,relatlimab|relatlimab|relatlimab component of bms-986213|relatlimab component of opdualag  -rmbw,bms-986016
CHEMBL402548,danusertib,2.0,Small molecule,6,danusertib,
CHEMBL404,tazobactam,4.0,Small molecule,12,tazobactam|tazobactam|tazobactam,"cl 298,741|cl-298741|nsc-759887|ytr-830h"
CHEMBL404271,acarbose,4.0,Oligosaccharide,18,acarbose|acarbose|acarbose|acarbose|glucobay,bay g 5421|bay-g 5421|bay-g-5421|nsc-758915
CHEMBL405110,methylene blue anhydrous,4.0,Small molecule,14,lumeblue (previously known as methylthioninium chloride cosmo)|methylthioninium chloride|methylthioninium chloride proveblue|urolene blue,nsc-215213|nsc-617593
CHEMBL406050,px-12,2.0,Small molecule,1,,
CHEMBL4067549,ulecaciclib,2.0,Small molecule,3,ulecaciclib,
CHEMBL4068611,relacorilant,3.0,Small molecule,6,relacorilant|relacorilant,cort125134
CHEMBL4071161,tirabrutinib,4.0,Small molecule,10,tirabrutinib|tirabrutinib|velexbru,gs-4059|ono-4059|ono-4059(free base)
CHEMBL4073443,tomivosertib,2.0,Small molecule,14,tomivosertib|tomivosertib,eft508|eft-508
CHEMBL407874,6-o-benzylguanine,3.0,Small molecule,4,,nsc-637037
CHEMBL4084119,liraglutide,4.0,Protein,21,liraglutide|liraglutide|liraglutide component of xultophy 100/3.6|saxenda|victoza,nn-2211|nn2211|nn-9924|nn9924|nnc 90-1170
CHEMBL408513,belinostat,4.0,Small molecule,12,beleodaq|belinostat|belinostat,nsc-726630|nsc726630|px-105684|pxd-101|pxd101
CHEMBL409,bicalutamide,4.0,Small molecule,20,bicalutamide|bicalutamide|bicalutamide|bicalutamide|calutide,"ici 176,334|ici-176334|ici176,334-1|nsc-759816"
CHEMBL411,diethylstilbestrol,4.0,Small molecule,16,apstil|diethylstilbestrol|diethylstilbestrol|distilbene|stilbestrol,nsc-3070
CHEMBL4112930,pamiparib,3.0,Small molecule,6,pamiparib|pamiparib,bgb-290
CHEMBL4113131,ensartinib,4.0,Small molecule,7,ensacove|ensartinib|ensartinib,x-396
CHEMBL411907,sonolisib,2.0,Small molecule,4,sonolisib,px-866
CHEMBL412531,thymosin,3.0,Protein,1,,
CHEMBL413,sirolimus,4.0,Small molecule,52,fyarro|hyftor|rapamune|sirolimus|sirolimus,ay-22989|l04aa10|nsc-226080|sirolimus component of sm-88|wy-090217
CHEMBL413376,suramin hexasodium,3.0,Small molecule,18,suramin hexasodium|suramin sodium,bay-205|bayer-205|ci-1003|fourneau 309|fourneau-309
CHEMBL413965,felbinac,4.0,Small molecule,20,dolinac|felbinac|felbinac|felbinac|napageln,"cl 83,544|cl-83544|ljc 10,141|ljc-10141|nsc-16284"
CHEMBL414357,exenatide,4.0,Protein,29,bydureon|bydureon bcise|bydureon pen|byetta|exenatide,ac-002993|ac002993|ac 2993|ac-2993|ac2993
CHEMBL414804,oxaliplatin,4.0,Small molecule,23,eloxatin|oxaliplatin|oxaliplatin|oxaliplatin|oxaliplatin,jm-83|l-ohp|mbp-426 (liposomal oxaliplatin)|nsc-266046|rp-54780
CHEMBL415606,degarelix,4.0,Protein,6,degarelix|degarelix,fe200486 (free base)
CHEMBL415768,deoxyandrographolide,2.0,Small molecule,2,,
CHEMBL416,methoxsalen,4.0,Small molecule,20,8-mop|deltasoralen|meladinine|methoxsalen|oxsoralen,methoxsalen component of sm-88|nsc-45923
CHEMBL416146,etoricoxib,4.0,Small molecule,11,arcoxia|etoricoxib|etoricoxib|etoricoxib,l-791456|mk-0663
CHEMBL417,epirubicin,4.0,Small molecule,12,epirubicin|epirubicin,nsc-256942
CHEMBL419213,lisinopril,4.0,Small molecule,26,acemin|carace|lisinopril|lisinopril|lisinopril,mk-521|nsc-751176|nsc-758151
CHEMBL4204794,avapritinib,4.0,Small molecule,13,avapritinib|avapritinib|ayvakit|ayvakyt,70c366|blu-285|c-366|x-720776|x720776
CHEMBL4206119,upamostat,2.0,Small molecule,5,upamostat,wx-671
CHEMBL4208229,asciminib,4.0,Small molecule,18,asciminib|asciminib,abl-001|abl001|abl001-nx|nvp-abl001
CHEMBL4209441,sofnobrutinib,2.0,Small molecule,4,sofnobrutinib,as-0871
CHEMBL4211649,tinodasertib,2.0,Small molecule,8,tinodasertib,aum-001|etc1907206
CHEMBL4216467,ripretinib,4.0,Small molecule,9,qinlock|ripretinib|ripretinib,dcc-2618
CHEMBL424,salicylic acid,4.0,Small molecule,39,acnisal|bazuka|compound v|compound w|cuplex verruca,fema no. 3985|k-557|nsc-180
CHEMBL424278,o-chloroacetylcarbamoylfumagillol,2.0,Small molecule,4,,agm-1470|nsc-642492
CHEMBL4243974,cp-461,2.0,Small molecule,3,,osi-461
CHEMBL427,mechlorethamine,4.0,Small molecule,14,chlormethine|ledaga,nsc-10107|nsc-128663|nsc-757087
CHEMBL4277900,crozbaciclib,2.0,Small molecule,3,crozbaciclib,
CHEMBL4279455,larotaxel,3.0,Small molecule,5,larotaxel,xrp-9881|xrp9881
CHEMBL4283683,domatinostat,2.0,Small molecule,4,domatinostat,
CHEMBL4284447,sutidiazine,2.0,Small molecule,7,sutidiazine,mmv253|zy19489
CHEMBL4285417,ceralasertib,3.0,Small molecule,7,ceralasertib|ceralasertib,azd6738
CHEMBL428647,paclitaxel,4.0,Small molecule,136,abraxane|apealea|apexelsin|naveruclif|pacitaxel,abi-007|bms 181339-01|bms-181339-01|dhp 107|dhp-107
CHEMBL428676,amonafide,3.0,Small molecule,7,amonafide|amonafide,as-1413|nsc-308847
CHEMBL428690,alvocidib,3.0,Small molecule,15,alvocidib|alvocidib,hl 275|hl-275|hmr 1275|hmr-1275|l 86 8275
CHEMBL4291684,tambiciclib,2.0,Small molecule,3,tambiciclib,
CHEMBL4292264,milademetan,3.0,Small molecule,8,milademetan|milademetan,ds-3032|ds3032a|rain-32
CHEMBL4296717,resminostat,2.0,Small molecule,9,resminostat,4sc-201|byk-408740|byk408740|ras-2410|ras2410
CHEMBL4297163,muparfostat,3.0,Unknown,3,muparfostat,pi-88
CHEMBL4297181,samotolisib,2.0,Small molecule,7,samotolisib|samotolisib,ly 3023414|ly-3023414|ly3023414
CHEMBL4297185,darolutamide,4.0,Small molecule,14,darolutamide|darolutamide|nubeqa,bay 1841788|bay-1841788|bay1841788|odm-201
CHEMBL4297190,surufatinib,3.0,Small molecule,7,surufatinib|surufatinib,hmpl-012
CHEMBL4297192,simethicone,4.0,Unknown,6,simethicone,antifoam a|antifoam af
CHEMBL4297205,padoporfin,2.0,Small molecule,7,padoporfin,wst-09|wst09
CHEMBL4297208,triplatin tetranitrate,2.0,Small molecule,7,triplatin tetranitrate,bbr-3464|bbr3464
CHEMBL4297247,bizalimogene ralaplasmid,3.0,Gene,9,bizalimogene ralaplasmid|bizalimogene ralaplasmid,pgx3002|pgx-3002|vgx-3100|vgx3100
CHEMBL4297258,firmonertinib,3.0,Small molecule,10,firmonertinib|firmonertinib,afu|ast-2818|ast2818
CHEMBL4297263,aroplatin,2.0,Small molecule,2,,
CHEMBL4297269,osugacestat,2.0,Small molecule,12,osugacestat|osugacestat,al-101|al101|bm-0018|bm0018|bms 906024
CHEMBL4297271,bmx-001,2.0,Small molecule,1,,
CHEMBL4297274,ct-2584,2.0,Small molecule,2,,ct 2584
CHEMBL4297280,etarfolatide,2.0,Small molecule,2,,ec-20
CHEMBL4297281,foxy-5,2.0,Protein,5,,
CHEMBL4297310,dordaviprone,3.0,Small molecule,12,dordaviprone|dordaviprone,nsc-350625|onc201|tic-10|tic10
CHEMBL4297314,oxazolidine,2.0,Small molecule,1,,
CHEMBL4297315,pci-27483,2.0,Small molecule,2,,
CHEMBL4297329,pifusertib,2.0,Small molecule,6,pifusertib,tas 117
CHEMBL4297334,piflufolastat f18,4.0,Small molecule,15,piflufolastat (18f)|piflufolastat f18|piflufolastat f18|pylarify|pylclari,
CHEMBL4297339,copper oxodotreotide cu-64,4.0,Protein,9,detectnet,
CHEMBL4297340,edotreotide gallium ga-68,4.0,Protein,38,gallium dotatoc ga 68|gallium ga 68 edotreotide|netspot|somakit toc,
CHEMBL4297341,rm-2 ga-68,3.0,Unknown,6,,68ga-rm2|bay-86-7548
CHEMBL4297362,cbp-501,2.0,Protein,4,,cbp501
CHEMBL4297372,atsm copper (ii),2.0,Small molecule,3,,
CHEMBL4297379,fluorofuranylnorprogesterone f-18,2.0,Small molecule,5,,
CHEMBL4297412,pafolacianine,4.0,Small molecule,13,pafolacianine|pafolacianine,otl 0038|otl-0038|otl0038|otl 38|otl-38
CHEMBL4297420,radium ra-223,3.0,Small molecule,2,,
CHEMBL4297422,rg-4733,2.0,Small molecule,5,,ro 4929097|ro-4929097
CHEMBL4297426,samarium sm-153,3.0,Small molecule,3,,
CHEMBL4297440,t-900607,2.0,Small molecule,4,,t 900607|t900607
CHEMBL4297453,pm-00104,2.0,Small molecule,3,,pm00104
CHEMBL4297462,cfi-400945,2.0,Small molecule,6,,cfi-400945|cfi-400945 fumarate
CHEMBL4297467,padnarsertib,2.0,Small molecule,8,padnarsertib,kpt-9274
CHEMBL4297470,nefextinib,2.0,Small molecule,6,nefextinib,max-40279
CHEMBL4297478,vamotinib,2.0,Small molecule,6,vamotinib,pf-114
CHEMBL4297480,sx-682,2.0,Small molecule,3,,sx-682|sx682
CHEMBL4297488,ct-7001,2.0,Small molecule,8,samuraciclib,ct-7001|ct7001|icec-0942|icec0942
CHEMBL4297489,zabadinostat,2.0,Small molecule,11,zabadinostat,cxd-101|cxd101
CHEMBL4297490,cm-4307,3.0,Small molecule,3,,cm-4307
CHEMBL4297495,iopofosine i 131,2.0,Small molecule,18,iopofosine (131i)|iopofosine i 131|iopofosine i 131,131i-clr1404|131i-nm-404|clr 131|clr-131|clr131
CHEMBL4297509,elacestrant,4.0,Small molecule,8,elacestrant|elacestrant,er-306323|rad-1901|rad1901
CHEMBL4297516,lurbinectedin,4.0,Small molecule,15,lurbinectedin|lurbinectedin|zepsyre|zepzelca,pm-01183|pm01183|pm-1183|pm1183
CHEMBL4297522,pemigatinib,4.0,Small molecule,11,pemazyre|pemigatinib|pemigatinib,incb054828
CHEMBL4297540,4-isothioureidobutyronitrile,2.0,Small molecule,4,,nsc-525990
CHEMBL4297545,lutetium oxodotreotide lu-177,4.0,Protein,24,lutathera|lutetium (177lu) oxodotreotide,
CHEMBL4297559,hiltonol,2.0,Unknown,5,,
CHEMBL4297562,dkn-01,2.0,Unknown,7,sirexatamab,dkn-01|dkn01|ly-2812176|ly2812176
CHEMBL4297563,pacmilimab,2.0,Antibody,8,pacmilimab|pacmilimab,cx-072|cx072|cx-072 probody
CHEMBL4297565,certolizumab,3.0,Antibody,1,,
CHEMBL4297571,penpulimab,3.0,Antibody,7,penpulimab|penpulimab,ak-105|ak105
CHEMBL4297573,tagraxofusp,4.0,Protein,15,elzonris|tagraxofusp|tagraxofusp,dt-3881l3|dt388il3|molecule 129|molecule-129|sl-401
CHEMBL4297584,tenalisib,2.0,Small molecule,4,tenalisib,rp6530
CHEMBL4297598,linrodostat,3.0,Small molecule,12,linrodostat|linrodostat,bms 986205|bms-986205|f 001287|f-001287|f001287
CHEMBL4297615,parsaclisib,3.0,Small molecule,7,parsaclisib|parsaclisib,incb-050465|incb050465
CHEMBL4297634,gadopiclenol,4.0,Small molecule,11,elucirem|gadopiclenol|gadopiclenol|vueway,p-03277|p03277
CHEMBL4297636,plocabulin,2.0,Small molecule,9,plocabulin,j3.348.355d|pm-060184|pm060184
CHEMBL4297688,adu-s100,2.0,Unknown,7,,adu-s100|cdn agonist adu-s100|miw815|mw-815
CHEMBL4297690,nogapendekin alfa,3.0,Protein,10,nogapendekin alfa|nogapendekin alfa,alt-803|il-15n72d|n-803
CHEMBL4297707,renvistobart,2.0,Antibody,7,renvistobart,bms986207
CHEMBL4297713,cabiralizumab,2.0,Antibody,4,cabiralizumab,
CHEMBL4297715,camrelizumab,3.0,Antibody,6,camrelizumab,shr-1210
CHEMBL4297716,carbogen,3.0,Unknown,2,,
CHEMBL4297721,cdx-1140,2.0,Unknown,4,,cdx-1140|cdx1140
CHEMBL4297723,cemiplimab,4.0,Antibody,12,cemiplimab|cemiplimab|libtayo,regn-2810|regn2810
CHEMBL4297725,chlorine dioxide,2.0,Unknown,3,,
CHEMBL4297728,cirmtuzumab,3.0,Antibody,3,zilovertamab,uc-961
CHEMBL4297736,praluzatamab ravtansine,2.0,Antibody drug conjugate,8,praluzatamab ravtansine|praluzatamab ravtansine,cx-2009
CHEMBL4297747,endostatin,3.0,Unknown,4,,yh 16|yh-16
CHEMBL4297748,onvitrelin ucalontide,2.0,Protein,11,onvitrelin ucalontide|ucalolictide,ep-100|ep100|ep-100 (peptide)
CHEMBL4297755,fp-1039,2.0,Unknown,10,,fp-1039|fp1039|gsk-3052230|gsk3052230|hgs1036
CHEMBL4297763,gti-2040,2.0,Unknown,2,,
CHEMBL4297772,interleukin-7,2.0,Unknown,9,,cyt107
CHEMBL4297774,amivantamab,4.0,Antibody,16,amivantamab|amivantamab|rybrevant,cnto-4424|cnto4424|jnj-611|jnj 61186372|jnj-61186372
CHEMBL4297778,loncastuximab tesirine,4.0,Antibody drug conjugate,12,loncastuximab tesirine|loncastuximab tesirine|zynlonta,adct-402|adct-402 tesirine
CHEMBL4297784,favezelimab,3.0,Antibody,7,favezelimab|favezelimab|mavezelimab,mk-4280|mk4280
CHEMBL4297785,vibostolimab,3.0,Antibody,9,vibostolimab|vibostolimab|vibostolimab component of mk-7684a,mk-7684|mk7684|tigit inhibitor mk-7684|tigit-targeting agent mk-7684
CHEMBL4297787,monalizumab,3.0,Antibody,9,monalizumab,iph2201|iph-2201 (anti-nkg2a)|nn-8765|nn8765|nn8765-3658
CHEMBL4297788,mosunetuzumab,4.0,Antibody,17,lunsumio|mosunetuzumab|mosunetuzumab,btct-4465a|btct4465a|rg-7828|rg7828|rg-7828 (anti-cd20 & cd3)
CHEMBL4297800,pegteograstim,2.0,Protein,4,pegteograstim,
CHEMBL4297809,elranatamab,4.0,Antibody,12,elranatamab|elranatamab|elrexfio,pf-06863135|rn-613|rn613
CHEMBL4297813,pri-724,2.0,Unknown,5,foscenvivint,"pri-724|pri724|(s,s)-icg-001"
CHEMBL4297815,cinrebafusp alfa,2.0,Protein,6,cinrebafusp alfa|cinrebafusp alfa,prs-343
CHEMBL4297817,qs-21,3.0,Unknown,11,qs-21 component of alfq  qs21|qs-21 component of as01|qs-21 component of as01e,qs21|saponin qa-21v1
CHEMBL4297819,ropeginterferon alfa-2b,4.0,Protein,12,besremi|ropeginterferon alfa-2b,
CHEMBL4297828,adebrelimab,3.0,Antibody,5,adebrelimab,hti-1088|shr-1316
CHEMBL4297829,sintilimab,3.0,Antibody,8,sintilimab|sintilimab|tyvyt,anti-pd-1 monoclonal antibody ibi308|ibi-308|ibi308
CHEMBL4297831,spartalizumab,3.0,Antibody,9,spartalizumab|spartalizumab,anti-pd1 monoclonal antibody pdr001|nvp-lzv184|pdr-001|pdr001
CHEMBL4297838,tilsotolimod,3.0,Unknown,4,tilsotolimod|tilsotolimod,imo-2125
CHEMBL4297840,tislelizumab,4.0,Antibody,19,tevimbra|tislelizumab|tislelizumab|tizveni,bgb-a317|bgba-317|bgba317|bgn-1|bgn1
CHEMBL4297841,tisotumab vedotin,4.0,Antibody drug conjugate,14,tisotumab vedotin|tisotumab vedotin|tivdak,gct1015-04|humax-tf-adc|igg1-1015-011-1006|tf-011-mmae
CHEMBL4297843,toripalimab,4.0,Antibody,21,loqtorzi|toripalimab|toripalimab,chs-007|js-001|js001|tab-001|tab001
CHEMBL4297844,trastuzumab deruxtecan,4.0,Antibody drug conjugate,12,enhertu|trastuzumab deruxtecan|trastuzumab deruxtecan,ds-8201|ds-8201a
CHEMBL4297850,xentuzumab,2.0,Antibody,5,xentuzumab,bi 836845|bi-836845
CHEMBL4297856,zimberelimab,3.0,Antibody,11,zimberelimab|zimberelimab,ab-122|ab122|gls-010|wbp-3055|wbp3055
CHEMBL4297865,abivertinib,3.0,Small molecule,10,abivertinib|abivertinib,a610|ac-0010|ac0010|acea100610|ex-acea0010
CHEMBL4297876,zalifrelimab,2.0,Antibody,7,zalifrelimab|zalifrelimab,agen1884
CHEMBL4297877,balstilimab,3.0,Antibody,6,balstilimab|balstilimab,agen-2034|agen2034
CHEMBL4297880,evorpacept,2.0,Protein,12,evorpacept|evorpacept,alx-148|alx148
CHEMBL4297883,ivuxolimab,3.0,Antibody,9,ivuxolimab|ivuxolimab,pf-04518600|pf04518600|pf-8600
CHEMBL4297888,sotigalimab,2.0,Antibody,8,sotigalimab|sotigalimab,apx-005|apx-005m|apx005m|epi-0050
CHEMBL4297892,anvatabart opadotin,2.0,Antibody drug conjugate,11,anvatabart opadotin|anvatabart opadotin|anvatabart opafidotin,arx-788|arx788|arx788 adc
CHEMBL4297938,lifastuzumab vedotin,2.0,Antibody drug conjugate,10,lifastuzumab vedotin|lifastuzumab vedotin,dnib-0600a|dnib0600a|napi3b|rg-7599
CHEMBL4297939,datopotamab deruxtecan,3.0,Antibody drug conjugate,11,datopotamab deruxtecan|datopotamab deruxtecan,adc ds-1062a|dato-dxd|ds-1062|ds1062|ds-1062a
CHEMBL4297946,"endostatin, n-terminal-mggshhhhh",3.0,Unknown,3,,
CHEMBL4297950,efbemalenograstim alfa,4.0,Protein,13,efbemalenograstim alfa|efbemalenograstim alfa|ryzneuta,f-627|f627
CHEMBL4297960,davanat,2.0,Unknown,4,,gm-ct-01
CHEMBL4297969,feladilimab,3.0,Antibody,9,feladilimab|feladilimab,3359609|gsk-3359609|gsk3359609|gsk-609
CHEMBL4297984,naxitamab,4.0,Antibody,11,danyelza|naxitamab|naxitamab,hu3f8
CHEMBL4297985,magrolimab,3.0,Antibody,6,magrolimab|magrolimab,hu5f9-g4
CHEMBL4297990,tebentafusp,4.0,Protein,17,kimmtrak|tebentafusp|tebentafusp,imcgp 100|imcgp-100|imcgp100|immtac imcgp100|immtac imcgpgp 100
CHEMBL4298001,cetrelimab,3.0,Antibody,7,cetrelimab|cetrelimab,jnj-63723283|jnj63723283
CHEMBL4298004,vopratelimab,2.0,Antibody,7,vopratelimab|vopratelimab,jtx-2011
CHEMBL4298006,envafolimab,3.0,Antibody,9,envafolimab,asc-22|asc22|kn-035|kn035
CHEMBL4298009,ieramilimab,2.0,Antibody,9,ieramilimab|ieramilimab,lag-525|lag525|nvp-lag525
CHEMBL4298024,bintrafusp alfa,3.0,Protein,10,bintrafusp alfa|bintrafusp alfa,8l9yq2n6pa|m-7824|m7824|msb-0011359c|msb0011359c
CHEMBL4298025,zenocutuzumab,4.0,Antibody,10,bizengri|zenocutuzumab|zenocutuzumab,mcla-128|mcla128
CHEMBL4298027,bizaxofusp,2.0,Protein,13,bizaxofusp,mdna-55|mdna55|nbi-3001|nbi3001|prx-321
CHEMBL4298037,retifanlimab,4.0,Antibody,19,retifanlimab|retifanlimab|zynyz,aex-1188|aex1188|incmga-00012|incmga00012|incmga-0012
CHEMBL4298045,indusatumab vedotin,2.0,Antibody drug conjugate,8,indusatumab vedotin,mln-0264|mln0264|tak-264
CHEMBL4298047,tafasitamab,4.0,Antibody,18,minjuvi|monjuvi|monjuvi (tafasitamab-cxix) for injection|tafasitamab|tafasitamab,mor-00208|mor00208|mor208|xmab5574
CHEMBL4298050,tiragolumab,3.0,Antibody,11,tiragolumab|tiragolumab,mtig-7192a|mtig7192a|rg-6058|rg6058|ro-7092284
CHEMBL4298052,demplatin pegraglumer,3.0,Small molecule,8,demplatin pegraglumer|demplatin pegraglumer,nc-6004|nc-6004 nanoplatin
CHEMBL4298056,immunocytokine nhs-il12,2.0,Unknown,7,,m-9241|m9241|nhsil-12|nhsil12
CHEMBL4298057,nisevokitug,3.0,Antibody,8,nisevokitug,nis-793|nis793
CHEMBL4298058,bempegaldesleukin,3.0,Protein,10,bempegaldesleukin|bempegaldesleukin,nktr-214|nktr-214 prodrug
CHEMBL4298065,omega-3 fatty acids,3.0,Unknown,13,,ndi 441
CHEMBL4298079,sephb4-hsa,2.0,Unknown,3,,sephb4hsa
CHEMBL4298084,odronextamab,3.0,Antibody,7,odronextamab|odronextamab,regn-1979|regn1979
CHEMBL4298085,fianlimab,3.0,Antibody,6,fianlimab|fianlimab,regn-3767|regn3767
CHEMBL4298092,glofitamab,4.0,Antibody,15,columvi|glofitamab|glofitamab,rg-6026|rg6026|ro-7082859|ro7082859
CHEMBL4298101,ladiratuzumab vedotin,2.0,Antibody drug conjugate,7,ladiratuzumab vedotin,sgn-liv1a|sgnliv1a
CHEMBL4298106,montmorillonite,3.0,Unknown,10,,
CHEMBL4298119,olinvacimab,2.0,Antibody,5,olinvacimab,ttac-0001
CHEMBL4298123,cobolimab,2.0,Antibody,8,cobolimab|cobolimab,tsr-022|tsr022|wbp-296a
CHEMBL4298124,dostarlimab,4.0,Antibody,16,dostarlimab|dostarlimab|jemperli,gsk-4057190|gsk4057190|tsr-042|wbp-285|wbp285
CHEMBL4298138,repotrectinib,4.0,Small molecule,8,augtyro|repotrectinib|repotrectinib,tpx-0005|trx-0005
CHEMBL4298178,trastuzumab duocarmazine,3.0,Antibody drug conjugate,7,trastuzumab duocarmazine|trastuzumab duocarmazine,syd-985|syd985
CHEMBL4298190,omidubicel,4.0,Cell,8,nicord|omidubicel|omidubicel|omidubicel component of omisirge,"cultured fraction, cf"
CHEMBL4298191,sasanlimab,3.0,Antibody,5,sasanlimab|sasanlimab,pf-06801591|rn-888
CHEMBL4298199,idecabtagene vicleucel,4.0,Gene,11,abecma|idecabtagene vicleucel|idecabtagene vicleucel,bb2121|bb-2121
CHEMBL4298200,lifileucel,4.0,Cell,12,amtagvi|lifileucel|lifileucel,ln-144|ln-145
CHEMBL4298205,etigilimab,2.0,Antibody,4,etigilimab|etigilimab,omp-313m32
CHEMBL4298206,tavokinogene telseplasmid,2.0,Gene,11,immunopulse il-12|tavo|tavokinogene telseplasmid|tavokinogene telseplasmid,12-ngvl331|pngvl3-hil-12|pumvc3-hil
CHEMBL4298209,belantamab mafodotin,4.0,Antibody drug conjugate,12,belantamab mafodotin|belantamab mafodotin|blenrep,gsk-2857916|gsk2857916
CHEMBL429876,cilengitide,3.0,Protein,8,cilengitide|cilengitide,emd-12192|emd 121974|emd-121974
CHEMBL429910,dapagliflozin,4.0,Small molecule,18,dapagliflozin|dapagliflozin|dapagliflozin component of br1019|dapagliflozin component of qtern|dapagliflozin component of qternmet,bms-512148|lyn-045
CHEMBL4299851,piflufolastat,4.0,Small molecule,2,,
CHEMBL43,amsacrine,4.0,Small molecule,21,amsacrine|amsacrine|amsacrine|amsidyl,ci-880|m-amsa|nci-249992|nsc-156303|nsc-249992
CHEMBL4300244,samarium,3.0,Small molecule,3,,sm
CHEMBL4303060,melphalan flufenamide,4.0,Small molecule,14,melphalan flufenamide|melphalan flufenamide,j-1|j1|j 1 (prodrug)|j-1 (prodrug)|j1 (prodrug)
CHEMBL4303201,catequentinib,3.0,Small molecule,8,catequentinib|catequentinib,al 3818|al-3818|al3818
CHEMBL4303214,fruquintinib,4.0,Small molecule,10,fruquintinib|fruquintinib|fruzaqla,hmpl-013|hmpl013
CHEMBL4303228,peretinoin,3.0,Small molecule,4,peretinoin,
CHEMBL4303404,pelabresib,3.0,Small molecule,21,pelabresib,cpi-0610|cpi-232|cpi-267232
CHEMBL4303525,omaveloxolone,4.0,Small molecule,11,omaveloxolone|omaveloxolone|skyclarys,rta 408|rta-408
CHEMBL4303669,zoledronic acid,4.0,Small molecule,40,aclasta|reclast|zerlinda|zoledronic acid|zoledronic acid,ak-156|cgp 42446|cgp-42446|cgp-42446a|nsc-721517
CHEMBL4303729,plixorafenib,2.0,Small molecule,9,plixorafenib,fore-8394|fore8394|plx8394
CHEMBL4303782,zotatifin,2.0,Small molecule,8,zotatifin|zotatifin,eft-226|eft226
CHEMBL431701,silybin a,3.0,Small molecule,5,,nsc-651520
CHEMBL43452,pomalidomide,4.0,Small molecule,22,imnovid|imnovid (previously pomalidomide celgene)|pomalidomide|pomalidomide|pomalidomide accord,cc-4047|imid 3|imid-3|imid3
CHEMBL435191,edotecarin,3.0,Small molecule,8,edotecarin|edotecarin,j-107088|pf-804950
CHEMBL43708,imipenem,4.0,Small molecule,19,imipenem|imipenem|imipenem|imipenem component of primaxin|imipenem component of recarbrio,mk-0787|nsc-759901
CHEMBL44,genistein,2.0,Small molecule,27,bonistein|genistein|genistein,bio 300|bio-300|fw-635i-2|npi-031l|nsc-36586
CHEMBL441687,glycyrrhizin,2.0,Oligosaccharide,14,,nsc-167409|nsc-234419
CHEMBL443014,carboquone,2.0,Small molecule,4,carboquone,
CHEMBL443684,navitoclax,3.0,Small molecule,7,navitoclax|navitoclax,a-855071.0|abt-263
CHEMBL44426,pipendoxifene,2.0,Small molecule,5,pipendoxifene,era-923
CHEMBL4442620,roniciclib,2.0,Small molecule,6,roniciclib,bay10-00394|bay1000394
CHEMBL4446357,ebvaciclib,2.0,Small molecule,5,ebvaciclib|ebvaciclib,pf-06873600
CHEMBL444814,l-citrulline,3.0,Small molecule,5,,nsc-27425
CHEMBL4461070,sar-125844,2.0,Small molecule,4,,sar 125844|sar-125844|sar125844
CHEMBL446143,ornithine,3.0,Small molecule,5,ornithine,nsc-758894
CHEMBL4462530,zemirciclib,2.0,Small molecule,9,zemirciclib,azd-4573|azd4573
CHEMBL446452,arundine,3.0,Small molecule,5,,
CHEMBL44657,etoposide,4.0,Small molecule,19,etoposide|etoposide|etoposide|etoposide|toposar,nsc-141540|vp-16-213
CHEMBL4466233,pemrametostat,2.0,Small molecule,9,pemrametostat,epz-015938|epz015938|gsk3326595|gsk-3326595a
CHEMBL4467168,dapolsertib,2.0,Small molecule,8,dapolsertib,sel-24|sel24-b289|sel24-b489|sel-24 free base
CHEMBL4469414,luvixasertib,2.0,Small molecule,10,luvixasertib,cfi-402257|cfi402257
CHEMBL4471306,quemliclustat,2.0,Small molecule,10,quemliclustat|quemliclustat,ab-680|ab680
CHEMBL4475463,amcenestrant,3.0,Small molecule,6,amcenestrant|amcenestrant,sar-439859|sar439859
CHEMBL447629,mitobronitol,2.0,Small molecule,7,mitobronitol|myelobromol,nsc-94100
CHEMBL447686,gossypol acetic acid,2.0,Small molecule,4,,nsc-19048
CHEMBL449158,bryostatin 1,2.0,Small molecule,3,,nsc-339555
CHEMBL45,melatonin,4.0,Small molecule,34,circadin|general nutrit|health aid|heidadouppi|icenia,bci-049|j5.258b|nsc-113928|nsc-302012|nsc-56423
CHEMBL450449,trabectedin,4.0,Small molecule,15,trabectedin|trabectedin|yondelis,et-743|nsc-648766
CHEMBL451887,carfilzomib,4.0,Protein,11,carfilzomib|carfilzomib|kyprolis,nsc-758252|pr-171
CHEMBL451930,plitidepsin,4.0,Small molecule,7,plitidepsin,
CHEMBL452231,teniposide,4.0,Small molecule,13,teniposide|teniposide|teniposide|vumon,nsc-122819|vm-26|vm26
CHEMBL4535757,sotorasib,4.0,Small molecule,23,lumakras|lumykras|sotorasib|sotorasib,amg-510|amg510
CHEMBL4544478,denfivontinib,2.0,Small molecule,8,denfivontinib,g-749
CHEMBL454801,ubidecarenone,3.0,Small molecule,29,ubidecarenone,api 31510|api-31510|nsc-140665|nsc-140865
CHEMBL455186,treosulfan,4.0,Small molecule,18,grafapex|graftrevo|kepcondi|ovastat|trecondi,nsc-39069
CHEMBL4558324,lazertinib,4.0,Small molecule,11,lazertinib|lazertinib,c-18112003-g|gns-1480|gns1480|jnj-73841937-aaa|yh-25448
CHEMBL4559134,selpercatinib,4.0,Small molecule,13,retevmo|retsevmo|selpercatinib|selpercatinib,loxo-292|ly-3527723|ly3527723
CHEMBL4582651,pralsetinib,4.0,Small molecule,30,gavreto|pralsetinib|pralsetinib,blu-123244|blu123244|blu-667|rg-6396|x-581238
CHEMBL4585668,belzutifan,4.0,Small molecule,13,belzutifan|belzutifan|welireg,mk-6482|mk6482|pt-2977|pt2977
CHEMBL4594217,canagliflozin,4.0,Small molecule,18,canagliflozin|canagliflozin|canagliflozin component of invokamet|invokana,jnj-24831754-zae|jnj-28431754-aaa
CHEMBL4594230,lipegfilgrastim,4.0,Protein,9,lipegfilgrastim|lipegfilgrastim|lonquex,xm-22|xm22
CHEMBL4594234,firtecan pegol,2.0,Unknown,6,firtecan pegol|firtecan pegol,ezn-2208
CHEMBL4594248,calcitonin human,4.0,Protein,6,cibacalcin,ba-47175
CHEMBL4594256,lobaplatin,3.0,Small molecule,6,lobaplatin,nsc-741422
CHEMBL4594259,tiomolibdate choline,3.0,Small molecule,14,tiomolibdate choline,alxn-1840|alxn1840|atn-224|wtx-101|wtx101
CHEMBL4594261,fluoroestradiol f-18,4.0,Small molecule,13,cerianna,nsc-743445
CHEMBL4594273,elacestrant hydrochloride,4.0,Small molecule,10,elacestrant hydrochloride|orserdu,rad-1901 dihydrochloride|rad1901 dihydrochloride|rad1901 hydrochloride
CHEMBL4594284,padeliporfin,4.0,Small molecule,10,padeliporfin|padeliporfin,wst-11|wst11
CHEMBL4594285,padeliporfin potassium,4.0,Small molecule,12,padeliporfin potassium|tookad,wst-11 dipotassium|wst11 dipotassium|wst11 potassium
CHEMBL4594298,encequidar,3.0,Small molecule,7,encequidar|encequidar,hm-30181|hm30181|hm30181ak
CHEMBL4594299,encequidar mesylate,3.0,Small molecule,13,encequidar mesylate|encequidar mesylate component of oraxol  hm-30181a,fm0f74|hm-30181a|hm30181a|hm-30181 mesylate monohydrate|hm-30181 methanesulfonate monohydrate
CHEMBL4594306,dilpacimab,2.0,Antibody,7,dilpacimab|dilpacimab,abt-165|pr-1283233
CHEMBL4594350,adagrasib,4.0,Small molecule,20,adagrasib|adagrasib|krazati,mrtx-849|mrtx849
CHEMBL4594355,apl-501,2.0,Unknown,8,geptanolimab,apl-501|cbt-501|gb-226|gb226
CHEMBL4594400,gumarontinib,2.0,Small molecule,7,gumarontinib,
CHEMBL4594401,rafutrombopag,3.0,Small molecule,7,rafutrombopag,shr-8735|shr8735
CHEMBL4594406,lutetium lu-177 vipivotide tetraxetan,4.0,Protein,15,lutetium (177lu) vipivotide tetraxetan|lutetium lu 177 vipivotide tetraxetan|pluvicto,177lu-labeled psma-617|177lu-psma-617
CHEMBL4594417,pruxelutamide,3.0,Small molecule,5,pruxelutamide,
CHEMBL4594419,bms-813160,2.0,Small molecule,3,,bms-813160
CHEMBL4594421,deutenzalutamide,3.0,Small molecule,10,deutenzalutamide|deutenzalutamide,hc 1119|hc-1119
CHEMBL4594442,imaradenant,2.0,Small molecule,16,imaradenant,azd-4635|azd4635|htl-1071|htl1071
CHEMBL4594456,cadonilimab,3.0,Antibody,7,cadonilimab|cadonilimab,ak-104|ak104
CHEMBL4594462,batiraxcept,3.0,Protein,11,batiraxcept,aravive-s6|avb-500|avb s6 500|avb-s6-500|avbs6500
CHEMBL4594463,avdoralimab,2.0,Antibody,7,avdoralimab,iph-5401|nn-8210|nnc-0215-0384
CHEMBL4594464,surzebiclimab,3.0,Antibody,7,surzebiclimab|surzebiclimab,bgb-a425|bgba425
CHEMBL4594478,inodiftagene vixteplasmid,2.0,Gene,4,inodiftagene vixteplasmid,
CHEMBL4594479,irx-2,2.0,Unknown,3,,
CHEMBL4594483,ny-eso-1,2.0,Unknown,6,,ny-eso-1
CHEMBL4594485,olaptesed pegol,2.0,Unknown,3,olaptesed pegol,nox-a12 free acid
CHEMBL4594503,talquetamab,4.0,Antibody,10,talquetamab|talquetamab|talvey,jnj-63483043|jnj-64407564
CHEMBL4594505,teclistamab,4.0,Antibody,12,teclistamab|teclistamab|tecvayli,bcmaxcd3|jnj-64007957
CHEMBL4594507,navepegritide,2.0,Protein,6,navepegritide,
CHEMBL4594535,sugemalimab,4.0,Antibody,10,cejemly|sugemalimab,cs-1001|cs1001|wbp-315|wbp315
CHEMBL4594549,pimurutamab,2.0,Antibody,5,pimurutamab,hlx-07|hlx07
CHEMBL4594550,serplulimab,3.0,Antibody,6,serplulimab,hlx-10|hlx10
CHEMBL4594554,tafolecimab,3.0,Antibody,5,tafolecimab,ibi-306|ibi306
CHEMBL4594559,tuparstobart,2.0,Antibody,10,tuparstobart|tuparstobart,agen-2385|agen2385|incagn-02385|incagn02385
CHEMBL4594562,isis-2503,2.0,Unknown,3,,isis 2503
CHEMBL4594568,kn-026,3.0,Unknown,7,anbenitamab,kn-026|kn026
CHEMBL4594575,sabatolimab,3.0,Antibody,9,sabatolimab|sabatolimab,mbg-453|mbg453|nvp-mbg453
CHEMBL4594576,vobramitamab duocarmazine,2.0,Antibody drug conjugate,11,vobramitamab duocarmazine|vobramitamab duocarmazine,aex4089dc1|mgc-018|mgc018
CHEMBL4594578,tebotelimab,2.0,Antibody,6,tebotelimab,
CHEMBL4594602,lomvastomig,2.0,Antibody,8,lomvastomig,ro-7121661|ro7121661
CHEMBL4594611,patritumab deruxtecan,3.0,Antibody drug conjugate,10,patritumab deruxtecan|patritumab deruxtecan,u3 1402|u3-1402|u31402|u3-1402a
CHEMBL4594617,vudalimab,2.0,Antibody,6,vudalimab|vudalimab,xmab20717
CHEMBL4594618,brexucabtagene autoleucel,4.0,Gene,8,brexucabtagene autoleucel|brexucabtagene autoleucel|tecartus,kte-x19
CHEMBL46,ondansetron,4.0,Small molecule,14,ondansetron|ondansetron|zofran odt|zuplenz,a04aa01|eur-1025|gr-38032|nsc-757870
CHEMBL460026,icosapent,3.0,Small molecule,14,icosapent,epa 45g
CHEMBL460282,mannosulfan,2.0,Small molecule,4,mannosulfan,r-52
CHEMBL460287,etoglucid,2.0,Small molecule,9,epodyl|etoglucid,ici 32865|ici-32865|nsc-80439
CHEMBL460499,carmofur,2.0,Small molecule,4,carmofur,nsc-758963
CHEMBL461101,eltrombopag,4.0,Small molecule,7,eltrombopag|revolade,sb497115
CHEMBL462019,trofosfamide,3.0,Small molecule,7,trofosfamide,a-4828|nsc-109723|z-4828
CHEMBL46286,omacetaxine mepesuccinate,4.0,Small molecule,15,omacetaxine mepesuccinate|omacetaxine mepesuccinate|synribo,cgx-635|homoharringtonine|nsc-141633
CHEMBL465,dronabinol,4.0,Small molecule,28,dronabinol|dronabinol|dronabinol|dronabinol component of ad-313|dronabinol component of ad313,abbott 40566|abbott-40566|j882f|nsc-134454|qcd 84924
CHEMBL4650215,inavolisib,4.0,Small molecule,12,inavolisib|inavolisib|itovebi,gdc-0077|gdc0077|rg-6114|rg6114|ro-7113755
CHEMBL4650238,letetresgene autoleucel,2.0,Gene,5,letetresgene autoleucel|letetresgene autoleucel,gsk-3377794|gsk3377794
CHEMBL4650256,zanidatamab,4.0,Antibody,9,zanidatamab|zanidatamab|ziihera,zw-25|zw25
CHEMBL465026,nefopam,4.0,Small molecule,5,nefopam|nefopam,
CHEMBL4650276,rezvilutamide,3.0,Small molecule,5,rezvilutamide,
CHEMBL4650285,temuterkib,2.0,Small molecule,6,temuterkib|temuterkib,ly-3214996|ly3214996
CHEMBL4650290,gc1118,2.0,Unknown,1,,
CHEMBL4650299,heparin,4.0,Oligosaccharide,8,,b01ab10
CHEMBL4650307,rucosopasem manganese,2.0,Small molecule,10,rucosopasem manganese|rucosopasem manganese,bis-propionato(gc4419)|gc-4419 dipropionate|gc-4711|gc4711
CHEMBL4650316,giredestrant,3.0,Small molecule,7,giredestrant|giredestrant,gdc-9545|ro-7197597|ro7197597
CHEMBL4650319,mobocertinib,4.0,Small molecule,8,mobocertinib|mobocertinib,ap-32788|ap32788|tak-788
CHEMBL4650321,orelabrutinib,3.0,Small molecule,8,innobruka|orelabrutinib|orelabrutinib,icp-022|icp022
CHEMBL4650342,onzigolide,2.0,Unknown,6,onzigolide,bim-23a760|tbr-760
CHEMBL4650355,gozetotide alf-18,3.0,Small molecule,6,,
CHEMBL4650357,vipivotide tetraxetan gallium ga-68,2.0,Protein,3,,
CHEMBL4650360,pulrodemstat besilate,2.0,Small molecule,6,,cc-90011|cc90011
CHEMBL4650364,yttrium y-90,2.0,Small molecule,3,,
CHEMBL4650365,camizestrant,3.0,Small molecule,16,camizestrant|camizestrant,az-14066724|az14066724|azd-9833|azd9833
CHEMBL4650376,autogene cevumeran,2.0,Oligonucleotide,10,autogene cevumeran|autogene cevumeran,bnt-122|bnt122|rg 6180|rg-6180|ro-7198457
CHEMBL4650387,cdx-301,2.0,Unknown,3,,
CHEMBL4650392,domvanalimab,3.0,Antibody,6,domvanalimab|domvanalimab,ab-154|ab154
CHEMBL4650393,epcoritamab,4.0,Antibody,13,epcoritamab|epcoritamab|epkinly|tepkinly,gen-3013|gen3013
CHEMBL4650400,incomplete freund's adjuvant,3.0,Unknown,4,,
CHEMBL4650411,ociperlimab,3.0,Antibody,7,ociperlimab|ociperlimab,bgb-a1217|bgba-1217|bgba1217
CHEMBL4650419,quavonlimab,3.0,Antibody,5,quavonlimab|quavonlimab,mk-1308|quavonlimab component of mk-1308a
CHEMBL4650423,danburstotug,2.0,Antibody,10,danburstotug|danburstotug,imc-001|imc-001 (protein)|sti-3031
CHEMBL4650425,zeripatamig,2.0,Antibody,8,zeripatamig,tg-1801|tg1801
CHEMBL4650429,tozinameran,4.0,Vaccine component,11,comirnaty|tozinameran,bnt-162b2|bnt162b2
CHEMBL4650435,botensilimab,3.0,Antibody,6,botensilimab|botensilimab,agen-1181|agen1181
CHEMBL4650472,pucotenlimab,3.0,Antibody,6,pucotenlimab,hx-008|hx008
CHEMBL4650481,becotatug,2.0,Antibody,9,becotatug,jmt-101|jmt101
CHEMBL4650483,erfonrilimab,3.0,Antibody,6,erfonrilimab,kn-046|kn046
CHEMBL4650485,pirtobrutinib,4.0,Small molecule,13,jaypirca|pirtobrutinib|pirtobrutinib,loxo-305|ly-3527727|ly3527727|rxc-005
CHEMBL4650497,pegsitacianine,2.0,Small molecule,6,pegsitacianine|pegsitacianine,onm-100|onm-100 ds
CHEMBL4650512,vopikitug,2.0,Antibody,13,vopikitug,rg-6292|rg6292|ro-7296682|ro7296682|tsk-031044gly
CHEMBL4650521,batoprotafib,2.0,Small molecule,17,batoprotafib,tno-155|tno155
CHEMBL4650827,revumenib,4.0,Small molecule,9,revumenib|revumenib,sndx-50613 free base|sndx50613 free base|sndx-5613 free base|sndx5613 free base
CHEMBL4650989,taletrectinib,2.0,Small molecule,7,taletrectinib|taletrectinib,ab-106|ds-6051|ds-6051a
CHEMBL4651002,safusidenib,2.0,Small molecule,6,safusidenib,ab-291 free acid|ds-1001 free acid
CHEMBL467,hydroxyurea,4.0,Small molecule,23,droxia|hydrea|hydroxycarbamide|hydroxyurea|hydroxyurea,nsc-32065|sq 1089|sq-1089
CHEMBL467399,biib021,2.0,Small molecule,16,,biib 021|biib-021|cnf2024
CHEMBL46740,bazedoxifene,4.0,Small molecule,7,bazedoxifene|bazedoxifene component of ak r215|bazedoxifene component of ak-r215,
CHEMBL468,thalidomide,4.0,Small molecule,31,kevadon|talidex|thalidomide|thalidomide|thalidomide,k-17|nsc-527179|nsc-66847
CHEMBL469,ketorolac,4.0,Small molecule,6,ketorolac|ketorolac,
CHEMBL471737,ivabradine,4.0,Small molecule,8,ivabradine|ivabradine,s-16257
CHEMBL473417,vismodegib,4.0,Small molecule,12,erivedge|vismodegib|vismodegib,gdc-0449|nsc-747691|nsc-755986
CHEMBL4740383,etrumadenant,2.0,Small molecule,6,etrumadenant|etrumadenant,ab-928|ab928
CHEMBL4748825,saponin,2.0,Oligosaccharide,1,,
CHEMBL476,dacarbazine,4.0,Small molecule,22,dacarbazine|dacarbazine|dacarbazine|dacarbazine|dtic-dome,dic|dtic|nci c04717|nsc-45388
CHEMBL4761468,aumolertinib,3.0,Small molecule,16,ameile|amerol|aumolertinib|aumolertinib,eq-143|eq143|hs-10206|hs-10296
CHEMBL477,adenosine,4.0,Small molecule,17,adenocard|adenocor|adenoscan|adenosine|adenosine,nsc-7652|sr 96225|sr-96225
CHEMBL477772,pazopanib,4.0,Small molecule,9,pazopanib|votrient,gw-786034|gw786034|nsc-752782
CHEMBL480,lansoprazole,4.0,Small molecule,32,lansoprazole|lansoprazole|lansoprazole|lansoprazole|lansoprazole component of prevpac,a-65006|ag-1749|nsc-758638
CHEMBL4800252,risovalisib,2.0,Small molecule,7,risovalisib,cyh-33
CHEMBL4802129,balixafortide,3.0,Protein,7,balixafortide|balixafortide,pol-6326|pol6326
CHEMBL4802152,senaparib,2.0,Small molecule,5,senaparib,imp-4297|imp4297
CHEMBL4802161,dalpiciclib,3.0,Small molecule,3,dalpiciclib,
CHEMBL4802165,bemarituzumab,3.0,Antibody,3,bemarituzumab,fpa-144
CHEMBL4802172,ezabenlimab,3.0,Antibody,3,ezabenlimab,bi-754091
CHEMBL4802180,recombinant human thrombopoietin,3.0,Unknown,6,,
CHEMBL4802201,davamotecan pegadexamer,2.0,Small molecule,7,davamotecan pegadexamer,crlx 101|crlx101|it101
CHEMBL4802205,belrestotug,3.0,Antibody,16,belrestotug|belrestotug,clone 31282|eos-448|eos-884448|eos884448|gsk-4428859a
CHEMBL4802212,farletuzumab ecteribulin,2.0,Antibody drug conjugate,6,farletuzumab ecteribul|farletuzumab ecteribulin|farletuzumab ecteribulin,morab-202
CHEMBL4802217,evexomostat,2.0,Unknown,5,evexomostat,sdx-7320
CHEMBL4802223,leuprolide mesylate,4.0,Protein,8,camcevi|camcevi kit,
CHEMBL480853,neoandrographolide,2.0,Small molecule,3,,
CHEMBL481,irinotecan,4.0,Small molecule,8,irinotecan|irinotecan,nsc-728073
CHEMBL481611,odanacatib,3.0,Small molecule,9,odanacatib|odanacatib,l-001037536|l-1037536|mk-0822|mk0822
CHEMBL481958,amrubicin hydrochloride,3.0,Small molecule,7,amrubicin hydrochloride,sm 5887|sm-5887
CHEMBL482968,enmd-2076,2.0,Small molecule,3,,l-(+) tartrate salt of enmd-981693
CHEMBL483158,alisertib,3.0,Small molecule,15,alisertib|alisertib,mln 8237|mln-8237|mln8237
CHEMBL483254,panobinostat,4.0,Small molecule,10,farydak|panobinostat|panobinostat,lbh-589|lbh589
CHEMBL483321,cp-724714,2.0,Small molecule,8,,"cp-724,714|cp-724714"
CHEMBL483465,elraglusib,2.0,Small molecule,6,elraglusib|elraglusib,9-ing-41
CHEMBL4868568,monzosertib,2.0,Small molecule,3,monzosertib,
CHEMBL4871106,rupitasertib,2.0,Small molecule,9,rupitasertib,m-2698|m2698|msc-2363318a|msc2363318a
CHEMBL487253,bendamustine,4.0,Small molecule,5,bendamustine,
CHEMBL488,aminoglutethimide,4.0,Small molecule,10,aminoglutethimide|cytadren|orimeten,nsc-330915
CHEMBL48802,sulforaphane,3.0,Small molecule,7,,
CHEMBL488025,exisulind,3.0,Small molecule,9,exisulind,fgn-1
CHEMBL489,afimoxifene,3.0,Small molecule,7,afimoxifene|afimoxifene|tamogel,4-oht
CHEMBL491,hydroxyflutamide,2.0,Small molecule,4,,
CHEMBL491473,cediranib,3.0,Small molecule,9,cediranib|cediranib|recentin,azd-2171|azd2171|zd-2171
CHEMBL493287,glucosamine,4.0,Small molecule,9,glucosamine|glucosamine,
CHEMBL494,iloprost,4.0,Small molecule,17,aurlumyn|iloprost|iloprost|iloprost|ventavis,zk 00036374|zk-00036374|zk-36374
CHEMBL495,alprostadil,4.0,Small molecule,27,alprostadil|alprostadil|alprostadil|alprostadil|caverject,"nsc-165559|ono-1608|u-10,136|u-10136"
CHEMBL496102,amg-208,2.0,Small molecule,3,,
CHEMBL50,quercetin,3.0,Small molecule,25,,ldn 0052529|ldn-0052529|nsc 57655|nsc-57655|nsc 9219
CHEMBL500468,ghrelin,3.0,Protein,3,lenomorelin,
CHEMBL500576,temoporfin,4.0,Small molecule,17,foscan|temoporfin|temoporfin|temoporfin,ef-9|ef9|sml-1707|sml1707
CHEMBL500853,hpph,2.0,Small molecule,2,,
CHEMBL501174,lycopene,3.0,Small molecule,22,,e-160d(iii)|fema no. 4110|ins-160d(iii)|ins no.160d(iii)|nsc-407322
CHEMBL501867,vincristine sulfate,4.0,Small molecule,24,leurocristine sulfate|marqibo kit|oncovin|vincasar pfs|vincrex,37231|lilly-37231|nsc-67574
CHEMBL502,donepezil,4.0,Small molecule,8,donepezil|donepezil,
CHEMBL502620,aclarubicin,3.0,Small molecule,12,aclarubicin|aclarubicin|aclarubicin,nsc-208734
CHEMBL502835,nintedanib,4.0,Small molecule,13,nintedanib|nintedanib|nintedanib component of ofev|ofev|vargatef,bibf 1120|bibf-1120|bibf1120
CHEMBL503,lovastatin,4.0,Small molecule,28,altoprev|lovastatin|lovastatin|lovastatin|lovastatin,c10aa02|l-154803|mk-803|nsc-758662
CHEMBL506871,veliparib,3.0,Small molecule,15,veliparib|veliparib,abt-888|parp-1 inhibitor abt-888
CHEMBL506981,reminertant,3.0,Small molecule,4,meclinertant,sr-48692
CHEMBL507361,mirdametinib,2.0,Small molecule,9,mirdametinib|mirdametinib,pd-0325901
CHEMBL5077861,opnurasib,3.0,Small molecule,9,opnurasib|opnurasib,jdq443
CHEMBL5077961,milrebrutinib,2.0,Small molecule,5,docirbrutinib|milrebrutinib,
CHEMBL5087025,taragarestrant,2.0,Small molecule,7,taragarestrant,d-0502|d0502
CHEMBL50882,tirapazamine,3.0,Small molecule,16,tirapazamine|tirapazamine,nsc-130181|sml-0552|sml0552|sr-259075|sr259075
CHEMBL5095030,motixafortide,3.0,Protein,16,motixafortide|motixafortide,4f-benzoyl-tn14003|4f-benzoyl-tn-14003|bkt-140|bkt140|bl-8040
CHEMBL5095033,ibcasertib,3.0,Small molecule,8,ibcasertib,cs-2164|cs2164
CHEMBL5095034,sovleplenib,3.0,Small molecule,10,sovleplenib|sovleplenib,hmpl 523|hmpl-523|hmpl523
CHEMBL5095036,azenosertib,2.0,Small molecule,6,azenosertib,zn-c3
CHEMBL5095039,gallium ga 68 gozetotide,4.0,Small molecule,29,gallium (68ga) gozetotide|gallium ga 68 gozetotide|gallium ga 68 gozetotide|gallium ga 68 psma-11|illuccix,68ga-psma-11|dkfz-psma-11 ga-68
CHEMBL5095057,bexirestrant,2.0,Small molecule,3,bexirestrant,
CHEMBL5095060,eciruciclib,2.0,Small molecule,3,eciruciclib,
CHEMBL5095063,envonalkib,2.0,Small molecule,3,envonalkib,
CHEMBL5095066,garsorasib,2.0,Small molecule,4,garsorasib,
CHEMBL5095067,gilmelisib,2.0,Small molecule,3,gilmelisib,
CHEMBL5095068,iruplinalkib,2.0,Small molecule,4,iruplinalkib,
CHEMBL5095088,anizatrectinib,2.0,Small molecule,3,anizatrectinib,
CHEMBL5095091,basroparib,2.0,Small molecule,3,basroparib,
CHEMBL5095094,culmerciclib,2.0,Small molecule,3,culmerciclib,
CHEMBL5095099,exarafenib,2.0,Small molecule,4,exarafenib,kin-2787 free base
CHEMBL5095102,inixaciclib,2.0,Small molecule,3,inixaciclib,
CHEMBL5095106,masofaniten,2.0,Small molecule,8,masofaniten|masofaniten,epi-7386|epi7386
CHEMBL5095107,acrixolimab,2.0,Antibody,3,acrixolimab,
CHEMBL5095109,betfisolimab,2.0,Antibody,3,betfisolimab,
CHEMBL5095112,cifurtilimab,2.0,Antibody,4,cifurtilimab,
CHEMBL5095114,dalucabtagene autoleucel,2.0,Gene,3,dalucabtagene autoleucel,
CHEMBL5095120,evencaleucel,2.0,Cell,3,evencaleucel,
CHEMBL5095125,ifinatamab,2.0,Antibody,3,ifinatamab,
CHEMBL5095126,inezetamab,2.0,Antibody,3,inezetamab,
CHEMBL5095127,ispectamab debotansine,2.0,Antibody drug conjugate,3,ispectamab debotansine,
CHEMBL5095129,latikafusp,2.0,Protein,5,latikafusp,
CHEMBL5095131,lesabelimab,2.0,Antibody,3,lesabelimab,
CHEMBL5095135,mulnitorsen,2.0,Oligonucleotide,5,mulnitorsen,
CHEMBL5095137,opilrelagene atradenorepvec,2.0,Gene,3,opilrelagene atradenorepvec,
CHEMBL5095138,paclitaxel obaluronate,2.0,Small molecule,3,paclitaxel obaluronate,
CHEMBL5095141,pelgifatamab,2.0,Antibody,3,pelgifatamab,
CHEMBL5095143,pertuzumab zuvotolimod,2.0,Antibody drug conjugate,4,pertuzumab zuvotolimod,
CHEMBL5095145,plixacabtagene autoleucel,2.0,Gene,3,plixacabtagene autoleucel,
CHEMBL5095150,rilunermin alfa,2.0,Protein,3,rilunermin alfa,
CHEMBL5095155,trastuzumab corixetan,2.0,Antibody drug conjugate,3,trastuzumab corixetan,
CHEMBL5095157,vobramitamab,2.0,Antibody,9,vobramitamab|vobramitamab,aex4089|mga017|mgc-017|mgc017
CHEMBL5095158,volamcabtagene durzigedleucel,2.0,Gene,3,volamcabtagene durzigedleucel,
CHEMBL5095164,osunprotafib,2.0,Small molecule,11,osunprotafib,
CHEMBL5095169,tigozertinib,2.0,Small molecule,9,tigozertinib|tigozertinib,blu-945|blu945|eo2401
CHEMBL5095181,camibirstat,2.0,Small molecule,5,camibirstat,
CHEMBL5095183,imlunestrant,3.0,Small molecule,8,imlunestrant|imlunestrant,ly-3484356|ly3484356
CHEMBL5095210,vepdegestrant,3.0,Small molecule,10,vepdegestrant|vepdegestrant,arv-471|arv471|arv-471 (protac)|pf-07850327
CHEMBL5095220,saruparib,3.0,Small molecule,12,saruparib|saruparib,azd5305
CHEMBL5095226,golcadomide,3.0,Small molecule,9,golcadomide|golcadomide,cc1007548|cc-99282|cc99282
CHEMBL5095227,cemsidomide,2.0,Small molecule,8,cemsidomide|cemsidomide,cft7455
CHEMBL5095228,sendegobresib,2.0,Small molecule,6,sendegobresib,cft8634
CHEMBL5095236,divarasib,2.0,Small molecule,11,divarasib|divarasib,gdc-6036|rg-6330|rg6330|ro-7435846|ro7435846
CHEMBL5095241,tunlametinib,3.0,Small molecule,4,,hl-085|hl085
CHEMBL5095244,safimaltib,2.0,Small molecule,6,safimaltib,jnj-67856633|jnj67856633
CHEMBL5095245,nesuparib,2.0,Small molecule,7,nesuparib,jpi-547|jpi547
CHEMBL5095246,ka-2507,2.0,Small molecule,2,,ka2507
CHEMBL5095260,camonsertib,2.0,Small molecule,13,camonsertib|camonsertib,rp-3500|rp3500
CHEMBL5095273,disitamab vedotin,3.0,Antibody drug conjugate,3,disitamab vedotin,r48-adc
CHEMBL5095277,g17dt immunogen,3.0,Unknown,4,,
CHEMBL5095279,mecapegfilgrastim,2.0,Protein,2,,hhpg-19k
CHEMBL5095280,monosialotetrahexosylganglioside sodium,3.0,Unknown,2,,
CHEMBL5095285,ozuriftamab vedotin,2.0,Antibody drug conjugate,8,ozuriftamab vedotin|ozuriftamab vedotin,ba-3021|ba3021
CHEMBL5095292,tarlatamab,4.0,Antibody,11,imdelltra|tarlatamab,amg 757|amg-757|amg757
CHEMBL5095299,ralzapastotug,2.0,Antibody,6,ralzapastotug,ab-308|ab308
CHEMBL5095308,evunzekibart,2.0,Antibody,6,evunzekibart,ator-1017
CHEMBL5095312,mecbotamab vedotin,2.0,Antibody drug conjugate,7,mecbotamab vedotin|mecbotamab vedotin,ba-3011|ba3011
CHEMBL5095315,trastuzumab imbotolimod,2.0,Antibody drug conjugate,7,trastuzumab imbotolimod,bdc-1001|bdc1001
CHEMBL5095326,visugromab,2.0,Antibody,6,visugromab,ctl-002|ctl002
CHEMBL5095328,tezemlimogene daxadenorepvec,2.0,Gene,5,tezemlimogene daxadenorepvec,dnx-2440
CHEMBL5095329,raludotatug deruxtecan,2.0,Antibody drug conjugate,7,raludotatug deruxtecan,ds-6000a|ds6000a
CHEMBL5095331,ifinatamab deruxtecan,3.0,Antibody drug conjugate,8,ifinatamab deruxtecan,ds-7300a|ds7300a
CHEMBL5095334,fapi-46 ga-68,2.0,Unknown,4,,
CHEMBL5095337,acasunlimab,2.0,Antibody,4,,gen-1046|gen1046
CHEMBL5095339,murlentamab,2.0,Antibody,3,,gm-102|gm102
CHEMBL5095341,epacmarstobart,2.0,Antibody,7,epacmarstobart,gs-0189|gs0189
CHEMBL5095342,porustobart,2.0,Antibody,7,porustobart,hbm-4003|hbm4003
CHEMBL5095344,cebsulfase alfa,2.0,Enzyme,16,cebsulfase alfa|cebsulfase alfa|metazym|mobalry|moblivgo,hgt-1110|hgt-1111|shp-611|shp611|tak-611
CHEMBL5095346,izeltabart tapatansine,2.0,Antibody drug conjugate,7,izeltabart tapatansine,imgc-936|imgc936
CHEMBL5095359,reozalimab,2.0,Antibody,7,reozalimab,"ly-3434172|ly3434172|ly3434172, a pd-1 and pd-l1 bispecific antibody"
CHEMBL5095362,volrustomig,3.0,Antibody,8,volrustomig|volrustomig,medi-5752|medi5752
CHEMBL5095369,dfp-13318,2.0,Unknown,8,,pl-0264|plx-0264|plx-038|plx038
CHEMBL5095373,linvoseltamab,3.0,Antibody,7,linvoseltamab|linvoseltamab,regn-5458|regn5458
CHEMBL5095383,retlirafusp alfa,3.0,Protein,4,,shr-1701|shr1701
CHEMBL5095384,izalontamab,3.0,Antibody,7,izalontamab,si-b001
CHEMBL5095385,nanrilkefusp alfa,2.0,Protein,9,nanrilkefusp alfa|nanrilkefusp alfa,so-c101|sot-101|sot101
CHEMBL5095388,osemitamab,2.0,Antibody,9,osemitamab|osemitamab,msb-018|tst-001|tst001
CHEMBL5095429,mecbotamab,2.0,Antibody,6,mecbotamab|mecbotamab,ba-301|ba301
CHEMBL5095432,ozuriftamab,2.0,Antibody,6,ozuriftamab|ozuriftamab,ba-302|ba302
CHEMBL5095439,gebasaxturev,2.0,Unknown,13,gebasaxturev|gebasaxturev,cva-21|cva21|v-937|v937
CHEMBL5095454,cretostimogene grenadenorepvec,3.0,Gene,8,cretostimogene grenadenorepvec|cretostimogene grenadenorepvec,cg 0070|cg-0070|cg0070
CHEMBL5095465,zifcasiran,2.0,Oligonucleotide,6,zifcasiran|zifcasiran,ads-007
CHEMBL513,carmustine,4.0,Small molecule,26,bicnu|carmustine|carmustine|carmustine|carmustine medac (previously carmustine obvius),bcnu|dti-015|fda-0345|nsc-409962|sk-27702
CHEMBL513909,bi-2536,2.0,Small molecule,8,,bi2536
CHEMBL514,lomustine,4.0,Small molecule,16,ccnu|ceenu|gleostine|lomustine|lomustine,ccn-u|ccnu|nsc-79037
CHEMBL515,chlorambucil,4.0,Small molecule,16,chlorambucil|leukeran,cb-1348|nci-3088|nsc-3088
CHEMBL517712,atropine,4.0,Small molecule,13,atroject|atropen|atrophate|atropine|atropine (autoinjector),
CHEMBL5187755,atirmociclib,2.0,Small molecule,7,atirmociclib|atirmociclib,pf-07220060|pf07220060
CHEMBL518924,mavorixafor,4.0,Small molecule,16,mavorixafor|mavorixafor|xolremdi,amd-070|amd070|amd-11070|amd11070|x 4p-001
CHEMBL5199076,lunresertib,2.0,Small molecule,18,lunresertib|lunresertib,rp-6306|rp6306
CHEMBL5202010,rogocekib,2.0,Small molecule,3,rogocekib,
CHEMBL521,ibuprofen,4.0,Small molecule,134,aches-n-pain|advil|advil liqui-gels|advil migraine liqui-gels|anadin joint pain,ib-100|ip-82|m01ae01|nsc-256857|rd 13621
CHEMBL521078,porfiromycin,3.0,Small molecule,11,porfiromycin|porfiromycin|porfiromycin,"nsc-56410|u-14,743|u-14743"
CHEMBL521686,olaparib,4.0,Small molecule,32,lynparza|olaparib|olaparib,az-2281|az2281|azd-2281|azd2281|ku-0059436
CHEMBL521851,pictilisib,2.0,Small molecule,18,pictilisib|pictilisib,cdc-0941|gdc 0941|gdc-0941
CHEMBL522892,dovitinib,3.0,Small molecule,7,dovitinib,chir-258|gfki-258|nvp-tki258|tki-258
CHEMBL525610,teriparatide,4.0,Protein,30,bonsity|forsteo|forteo|kauliv|livogiva,ly 333334|ly-333334|ly333334|zt-034
CHEMBL526,propofol,4.0,Small molecule,24,diprivan|disoprivan|propofol|propofol|propofol,"ici 35,868|ici 35-868|ici-35868|ici35,868|nsc-5105"
CHEMBL52609,doxribtimine,2.0,Small molecule,15,doxribtimine|doxribtimine|doxribtimine component of mt-1621  2'-deoxythymidine,2'deoxythymidine|mt1621 (dt)|nsc-21548
CHEMBL5269917,segigratinib,2.0,Small molecule,3,segigratinib,
CHEMBL5277528,fosdesdenosine sipalabenamide,2.0,Small molecule,5,fosdesdenosine sipalabenamide,
CHEMBL52885,enmd-981693,2.0,Small molecule,9,,enmd 981693|mkc-1|r-440|ro-317453|ro 31-7453
CHEMBL529,azithromycin,4.0,Small molecule,47,azasite|azithromycin|azithromycin|azithromycin|azithromycin,"cp 62993|cp-62,993|cp-62993|nsc-758625|xz 405"
CHEMBL5314346,verteporfin,4.0,Small molecule,17,verteporfin|verteporfin|verteporfin|visudyne,"cl 318,952|cl-318952"
CHEMBL5314348,bivalirudin,4.0,Protein,18,angiomax|angiomax rtu|angiox|bivalirudin|bivalirudin,bg-8967|bg8967
CHEMBL5314357,etaracizumab,2.0,Antibody,9,abegrin|abegrin vitaxin|etaracizumab|etaracizumab,etaratuzumab|hlm60|medi-522
CHEMBL5314362,entecavir,4.0,Small molecule,23,baraclude|entecavir|entecavir|entecavir|entecavir accord,bms-200475-01|sq-34676|sq34676
CHEMBL5314371,manganese chloride,4.0,Small molecule,14,lumenhance,cmc-001|cmc001
CHEMBL5314375,cidofovir,4.0,Small molecule,16,cidofovir|cidofovir|cidofovir|cidofovir|vistide,gs-0504|nsc-742135
CHEMBL5314376,hyaluronic acid,4.0,Unknown,4,,
CHEMBL5314378,caspofungin acetate,4.0,Small molecule,11,cancidas|cancidas (previously caspofungin msd)|caspofungin accord|caspofungin acetate|caspofungin acetate,mk-0991
CHEMBL5314380,pasireotide diaspartate,4.0,Protein,5,signifor,
CHEMBL5314381,irinotecan sucrosofate,3.0,Unknown,4,irinotecan sucrosofate,mm-398|pep-02
CHEMBL5314391,xl-999,2.0,Small molecule,3,,xl-999
CHEMBL5314412,zotizalkib,2.0,Small molecule,8,zotizalkib,tpx-0131|tpx0131
CHEMBL5314413,lartesertib,2.0,Small molecule,9,lartesertib,m-4076|m4076
CHEMBL5314418,afp-464,2.0,Small molecule,4,,afp464
CHEMBL5314428,zanzalintinib,3.0,Small molecule,8,zanzalintinib|zanzalintinib,xl-092|xl092
CHEMBL5314429,tamnorzatinib,2.0,Small molecule,7,tamnorzatinib,ono-7475
CHEMBL5314431,zamaporvint,2.0,Small molecule,4,zamaporvint,
CHEMBL5314436,plogosertib,2.0,Small molecule,3,plogosertib,
CHEMBL5314440,sacibertinib,2.0,Small molecule,3,sacibertinib,
CHEMBL5314447,vulolisib,2.0,Small molecule,3,vulolisib,
CHEMBL5314452,adrixetinib,2.0,Small molecule,3,adrixetinib,
CHEMBL5314454,boditrectinib,2.0,Small molecule,12,boditrectinib,aum-601|aum601|chc-2014|chc2014|hl-5101
CHEMBL5314458,emzeltrectinib,2.0,Small molecule,3,emzeltrectinib,
CHEMBL5314461,ficonalkib,2.0,Small molecule,3,ficonalkib,
CHEMBL5314463,fulzerasib,2.0,Small molecule,3,fulzerasib,
CHEMBL5314466,gumelutamide,2.0,Small molecule,3,gumelutamide,
CHEMBL5314468,lutetium (lu177) rofapitide tetraxetan,2.0,Protein,3,lutetium (lu177) rofapitide tetraxetan,
CHEMBL5314470,mifanertinib,2.0,Small molecule,3,mifanertinib,
CHEMBL5314471,migoprotafib,2.0,Small molecule,13,migoprotafib|migoprotafib,gdc-1971|rg-6433|rg6433|rly-1971|ro-7517834
CHEMBL5314475,palazestrant,3.0,Small molecule,7,palazestrant|palazestrant,op-1250
CHEMBL5314476,pocenbrodib,2.0,Small molecule,6,pocenbrodib|pocenbrodib,ft-7051
CHEMBL5314480,resencatinib,2.0,Small molecule,3,resencatinib,
CHEMBL5314490,tivumecirnon,2.0,Small molecule,12,tivumecirnon|tivumecirnon,f003475|flx-3475|flx3475|flx-475|flx475
CHEMBL5314494,zavondemstat,2.0,Small molecule,3,zavondemstat,
CHEMBL5314497,zidesamtinib,2.0,Small molecule,12,zidesamtinib|zidesamtinib,nu-0002362|nu-0002362-006|nu-0002362-009|nu-2362-010|nu-520
CHEMBL5314501,abefolastat tesaroxetan,2.0,Small molecule,3,abefolastat tesaroxetan,
CHEMBL5314510,canlitinib,2.0,Small molecule,3,canlitinib,
CHEMBL5314511,cinsebrutinib,2.0,Small molecule,3,cinsebrutinib,
CHEMBL5314512,civorebrutinib,2.0,Small molecule,3,civorebrutinib,
CHEMBL5314515,davelizomib,2.0,Small molecule,3,davelizomib,
CHEMBL5314517,emilumenib,2.0,Small molecule,4,emilumenib,ds-1594a
CHEMBL5314518,glecirasib,2.0,Small molecule,3,glecirasib,
CHEMBL5314520,igermetostat,2.0,Small molecule,3,igermetostat,
CHEMBL5314521,imdatifan,2.0,Small molecule,3,imdatifan,
CHEMBL5314523,lacutoclax,2.0,Small molecule,3,lacutoclax,
CHEMBL5314526,lerzeparib,2.0,Small molecule,3,lerzeparib,
CHEMBL5314528,luxdegalutamide,2.0,Small molecule,3,luxdegalutamide,
CHEMBL5314533,opevesostat,3.0,Small molecule,6,opevesostat,odm208
CHEMBL5314535,pimicotinib,3.0,Small molecule,11,pimicotinib|pimicotinib,absk-021-0 free base anhydrous|absk-021-7|absk-021 free base anhydrous|absk021 free base anhydrous|absk021-nx
CHEMBL5314537,resigratinib,2.0,Small molecule,3,resigratinib,
CHEMBL5314538,rezatapopt,2.0,Small molecule,8,rezatapopt|rezatapopt,pc-14586|pc14586
CHEMBL5314539,rocbrutinib,2.0,Small molecule,4,rocbrutinib,
CHEMBL5314540,sontigidomide,2.0,Small molecule,3,sontigidomide,
CHEMBL5314541,tacaciclib,2.0,Small molecule,5,tacaciclib,aur-102|aur102
CHEMBL5314543,tegeprotafib,2.0,Small molecule,3,tegeprotafib,
CHEMBL5314545,tibremciclib,2.0,Small molecule,3,tibremciclib,
CHEMBL5314547,uplarafenib,2.0,Small molecule,3,uplarafenib,
CHEMBL5314551,adakitug,2.0,Antibody,17,adakitug|adakitug,ail8|bms-986253|bms986253|bms-986253-01|humax-il8
CHEMBL5314559,flotufolastat f-18 gallium,4.0,Small molecule,5,flotufolastat f 18 gallium|posluma,rhpsma-7.3
CHEMBL5314570,catequentinib hydrochloride,3.0,Small molecule,7,catequentinib hydrochloride,al-3818 dihydrochloride|al3818 dihydrochloride
CHEMBL5314613,ozekibart,2.0,Antibody,9,ozekibart|ozekibart,inbrx-109|inbrx109
CHEMBL5314616,anvatabart pactil,2.0,Antibody drug conjugate,6,anvatabart pactil|anvatabart pactil,arx788 mab
CHEMBL5314641,suratadenoturev,2.0,Unknown,4,suratadenoturev|telomelysin,obp-301
CHEMBL5314655,anbalcabtagene autoleucel,2.0,Gene,3,anbalcabtagene autoleucel,
CHEMBL5314663,ciduvectamig,2.0,Antibody,3,ciduvectamig,
CHEMBL5314665,dalnicastobart,2.0,Antibody,3,dalnicastobart,
CHEMBL5314666,danvilostomig,2.0,Antibody,3,danvilostomig,
CHEMBL5314667,dargistotug,2.0,Antibody,5,dargistotug,m-6223
CHEMBL5314672,eldocasiran,2.0,Oligonucleotide,3,eldocasiran,
CHEMBL5314674,equecabtagene autoleucel,2.0,Gene,3,equecabtagene autoleucel,
CHEMBL5314677,exlinkibart,2.0,Antibody,5,exlinkibart,lvgn-6051
CHEMBL5314680,forimtamig,2.0,Antibody,10,forimtamig|forimtamig,rg-6234|rg6234|ro-7425781|ro7425781|theme 70238
CHEMBL5314682,igrelimogene litadenorepvec,2.0,Gene,3,igrelimogene litadenorepvec,
CHEMBL5314683,inaleucel,2.0,Cell,3,inaleucel,
CHEMBL5314684,ispectamab tazide,2.0,Antibody drug conjugate,4,ispectamab tazide,sp-8893
CHEMBL5314685,izeltabart,2.0,Antibody,3,izeltabart,
CHEMBL5314686,linavonkibart,2.0,Antibody,8,linavonkibart|linavonkibart,srk-181
CHEMBL5314688,lipustobart,2.0,Antibody,3,lipustobart,
CHEMBL5314689,lunaxafusp,2.0,Protein,3,lunaxafusp,
CHEMBL5314693,nadravaleucel,2.0,Cell,6,nadravaleucel|nadravaleucel,gda-201|nam-nk
CHEMBL5314697,ninsipapogene sibamarepvec,2.0,Gene,3,ninsipapogene sibamarepvec,
CHEMBL5314698,perenostobart,2.0,Antibody,5,perenostobart,srf-617
CHEMBL5314700,pomlucabtagene autoleucel,2.0,Gene,3,pomlucabtagene autoleucel,
CHEMBL5314701,pradusinstobart,2.0,Antibody,6,pradusinstobart,lvgn-3616|lvgn3616
CHEMBL5314702,raludotatug,2.0,Antibody,3,raludotatug,
CHEMBL5314703,raxorulimogene belzovacirepvec,2.0,Gene,3,raxorulimogene belzovacirepvec,
CHEMBL5314706,rilvegostomig,3.0,Antibody,9,rilvegostomig|rilvegostomig,azd-2936|azd2936
CHEMBL5314708,satricabtagene autoleucel,2.0,Gene,7,satricabtagene autoleucel|satricabtagene autoleucel,car-cldn18.2 t cells|ct-041|ct041
CHEMBL5314711,torulimogene lonferencel,2.0,Gene,3,torulimogene lonferencel,
CHEMBL5314712,trastuzumab rezetecan,2.0,Antibody drug conjugate,5,trastuzumab rezetecan,
CHEMBL5314713,tremtelectogene empogeditemcel,2.0,Gene,3,tremtelectogene empogeditemcel,
CHEMBL5314714,umitrelimorgene autodencel,2.0,Gene,3,umitrelimorgene autodencel,
CHEMBL5314715,umizortamig,2.0,Antibody,3,umizortamig,
CHEMBL5314716,varnimcabtagene autoleucel,2.0,Gene,3,varnimcabtagene autoleucel,
CHEMBL5314722,alemtuzumab beta,2.0,Antibody,3,alemtuzumab beta,
CHEMBL5314724,basiliximab sarotalocan,2.0,Antibody drug conjugate,3,basiliximab sarotalocan,
CHEMBL5314726,besvatresgene autoleucel,2.0,Gene,3,besvatresgene autoleucel,
CHEMBL5314729,brenetafusp,3.0,Protein,7,brenetafusp|brenetafusp,imc f106c|imc-f106c
CHEMBL5314730,cemavafusp,2.0,Protein,3,cemavafusp,
CHEMBL5314732,durcabtagene autoleucel,2.0,Gene,3,durcabtagene autoleucel,
CHEMBL5314734,ederimotide,2.0,Protein,5,ederimotide,
CHEMBL5314741,etimumotide,2.0,Protein,3,etimumotide,
CHEMBL5314742,eurestobart,2.0,Antibody,6,eurestobart,es-002023|es002023
CHEMBL5314745,imsamotide,2.0,Protein,3,imsamotide,
CHEMBL5314746,inaticabtagene autoleucel,2.0,Gene,3,inaticabtagene autoleucel,
CHEMBL5314752,marlumotide,2.0,Protein,5,marlumotide,
CHEMBL5314753,murcidencel,2.0,Cell,3,murcidencel,
CHEMBL5314754,muzastotug,2.0,Antibody,5,muzastotug,adg126
CHEMBL5314755,nebratamig,2.0,Antibody,3,nebratamig,
CHEMBL5314756,oberotatug,2.0,Antibody,4,oberotatug|oberotatug,
CHEMBL5314757,oberotatug ravtansine,2.0,Antibody drug conjugate,8,oberotatug ravtansine|oberotatug ravtansine,men-1309|obt-076
CHEMBL5314758,obertamig,2.0,Antibody,3,obertamig,
CHEMBL5314764,prizloncabtagene autoleucel,2.0,Gene,4,prizloncabtagene autoleucel,
CHEMBL5314765,puxitatug,2.0,Antibody,5,puxitatug|puxitatug,int-016
CHEMBL5314766,puxitatug samrotecan,2.0,Antibody drug conjugate,7,puxitatug samrotecan|puxitatug samrotecan,azd-8205|azd8205
CHEMBL5314767,quazomotide,2.0,Protein,5,quazomotide,
CHEMBL5314770,rolistobart,2.0,Antibody,3,rolistobart,
CHEMBL5314771,sabestomig,2.0,Antibody,4,sabestomig,
CHEMBL5314774,sotiburafusp alfa,2.0,Protein,3,sotiburafusp alfa,
CHEMBL5314775,sovipostobart,2.0,Antibody,4,sovipostobart,
CHEMBL5314777,suvutresgene autoleucel,2.0,Gene,3,suvutresgene autoleucel,
CHEMBL5314779,timdarpacept,2.0,Protein,3,timdarpacept,
CHEMBL5314780,tinocabtagene autoleucel,2.0,Gene,3,tinocabtagene autoleucel,
CHEMBL5314782,trastuzumab botidotin,2.0,Antibody drug conjugate,6,trastuzumab botidotin,a-166|a166
CHEMBL5314783,trovocabtagene autoleucel,2.0,Gene,3,trovocabtagene autoleucel,
CHEMBL5314786,verzistobart,2.0,Antibody,11,verzistobart|verzistobart,agen-2390|agen2390|incagn-02390|incagn02390
CHEMBL5314787,vididencel,2.0,Cell,3,vididencel,
CHEMBL5314788,vonsetamig,2.0,Antibody,3,vonsetamig,
CHEMBL5314789,vorumotide,2.0,Protein,5,vorumotide,
CHEMBL5314790,zovostotug,2.0,Antibody,3,zovostotug,
CHEMBL5314808,alextatug,2.0,Antibody,4,alextatug,
CHEMBL5314811,bezetabart,2.0,Antibody,5,bezetabart,sp-7219|sp7219
CHEMBL5314812,bezetabart debotansine,2.0,Antibody drug conjugate,6,bezetabart debotansine,sp7675|stro-001
CHEMBL5314815,cabotamig,2.0,Antibody,4,cabotamig,
CHEMBL5314816,cemacabtagene ansegedleucel,2.0,Gene,3,cemacabtagene ansegedleucel,
CHEMBL5314819,cibrigirsen,2.0,Oligonucleotide,3,cibrigirsen,
CHEMBL5314826,efercoleukin alfa,2.0,Protein,3,efercoleukin alfa,
CHEMBL5314827,efpegerglucagon,2.0,Protein,5,efpegerglucagon,hm-15136
CHEMBL5314828,enavermotide,2.0,Protein,3,enavermotide,
CHEMBL5314830,evalstotug,2.0,Antibody,5,evalstotug,ba-3071
CHEMBL5314831,fanastomig,2.0,Antibody,3,fanastomig,
CHEMBL5314832,fencabtagene autoleucel,2.0,Gene,5,fencabtagene autoleucel,tactic-2
CHEMBL5314833,firicabtagene autoleucel,2.0,Gene,3,firicabtagene autoleucel,
CHEMBL5314836,gengleucel,2.0,Cell,3,gengleucel,
CHEMBL5314837,givastomig,2.0,Antibody,3,givastomig,
CHEMBL5314839,ibentatug,2.0,Antibody,5,ibentatug,zb-131
CHEMBL5314841,izalontamab brengitecan,2.0,Antibody drug conjugate,3,izalontamab brengitecan,
CHEMBL5314842,izastobart,2.0,Antibody,5,izastobart,tj-210001
CHEMBL5314843,lancastotug,2.0,Antibody,6,lancastotug,ak-127
CHEMBL5314845,limaresiquimod,2.0,Protein,3,limaresiquimod,
CHEMBL5314846,lucicebtide,2.0,Protein,6,lucicebtide|lucicebtide,st-101 (d-amino acid peptide)|st101 (peptide)
CHEMBL5314847,lumrotatug,2.0,Antibody,5,lumrotatug,
CHEMBL5314852,negalstobart,2.0,Antibody,5,negalstobart,
CHEMBL5314855,omramotide,2.0,Protein,3,omramotide,
CHEMBL5314856,onacrisantaspase,2.0,Enzyme,3,onacrisantaspase,
CHEMBL5314857,onvapegleukin alfa,2.0,Protein,3,onvapegleukin alfa,
CHEMBL5314858,opelkibart,2.0,Antibody,5,opelkibart,m-1224|m1224
CHEMBL5314859,opelkibart elmanitin,2.0,Antibody drug conjugate,3,opelkibart elmanitin,
CHEMBL5314861,oximbomotide,2.0,Protein,3,oximbomotide,
CHEMBL5314862,pamvatamig,2.0,Antibody,4,pamvatamig,
CHEMBL5314865,pobrolitide,2.0,Protein,3,pobrolitide,
CHEMBL5314867,ragistomig,2.0,Antibody,3,ragistomig,
CHEMBL5314870,repicericel,2.0,Cell,3,repicericel,
CHEMBL5314871,rezetamig,2.0,Antibody,5,rezetamig,jnj75348780
CHEMBL5314872,rezorstobart,2.0,Antibody,5,rezorstobart,imt009
CHEMBL5314873,ribrecabtagene autoleucel,2.0,Gene,3,ribrecabtagene autoleucel,
CHEMBL5314875,sacituzumab tirumotecan,3.0,Antibody drug conjugate,8,sacituzumab tirumotecan,mk2870|skb-264
CHEMBL5314878,sigvotatug,2.0,Antibody,3,sigvotatug,
CHEMBL5314879,sigvotatug vedotin,3.0,Antibody drug conjugate,4,sigvotatug vedotin,
CHEMBL5314883,sucantomotide,2.0,Protein,3,sucantomotide,
CHEMBL5314886,trastuzumab brengitecan,2.0,Antibody drug conjugate,3,trastuzumab brengitecan,
CHEMBL5314888,troculeucel,2.0,Cell,8,troculeucel,snk-01
CHEMBL5314889,ucasareotide dasaroxetan,2.0,Protein,4,ucasareotide dasaroxetan,
CHEMBL5314890,uprevstobart,2.0,Antibody,5,uprevstobart,inca-00186
CHEMBL5314892,vevoctadekin,2.0,Protein,4,vevoctadekin,
CHEMBL5314894,vilastobart,2.0,Antibody,3,vilastobart,
CHEMBL5314896,xirestomig,2.0,Antibody,5,xirestomig,atg101
CHEMBL5314903,zelenectide pevedotin,2.0,Protein,8,zelenectide pavedotin|zelenectide pevedotin|zelenectide pevedotin,bt-8009|bt8009
CHEMBL5314911,bms-986310,2.0,Small molecule,2,,
CHEMBL5314915,enzomenib,2.0,Small molecule,5,enzomenib,
CHEMBL5314933,tuvusertib,2.0,Small molecule,9,tuvusertib|tuvusertib,m-1774|m1774
CHEMBL5314936,lutetium lu 177 zadavotide guraxetan,2.0,Small molecule,5,lutetium lu 177 zadavotide guraxetan,
CHEMBL5314940,alovudine f-18,2.0,Small molecule,11,,
CHEMBL5314943,sar-bbn cu-64,2.0,Unknown,3,,
CHEMBL5314951,sonrotoclax,3.0,Small molecule,9,sonrotoclax|sonrotoclax,bgb-11417|bgb11417
CHEMBL5314968,unecritinib,2.0,Small molecule,6,unecritinib,tqb3101
CHEMBL5314973,etentamig,3.0,Antibody,8,etentamig|etentamig,abbv-383
CHEMBL5314978,bb-1701,2.0,Unknown,2,,
CHEMBL5314987,gotistobart,3.0,Antibody,4,gotistobart,
CHEMBL5314988,keyhole limpet hemocyanin,3.0,Unknown,1,,
CHEMBL5314998,prolgolimab,3.0,Antibody,2,,
CHEMBL5315001,tobemstomig,2.0,Antibody,15,tobemstomig|tobemstomig,anti-pd1/anti-lag3 bispecific antibody ro7247669|pd1-lag3|pd1-lag3 bsab (ro-7247669)|pd1-lag3 (ro-7247669)|pd1/lag3 (ro-7247669)
CHEMBL5315003,vidutolimod,2.0,Unknown,2,vidutolimod component of cmp-001  cpg-a oligodeoxynucleotide tlr9 agonist,
CHEMBL5315007,firastotug,2.0,Antibody,7,firastotug,adg-116
CHEMBL5315008,acimtamig,2.0,Antibody,9,acimtamig,afm-13
CHEMBL5315010,falbikitug,2.0,Antibody,11,falbikitug|falbikitug,azd-0171|azd0171|msc-1
CHEMBL5315022,nelistotug,2.0,Antibody,8,nelistotug|nelistotug,gsk-6097608
CHEMBL5315023,nezutatug,2.0,Antibody,5,nezutatug,
CHEMBL5315026,certepetide,2.0,Protein,9,certepetide|certepetide,cend-1|lsta-1|lsta1
CHEMBL5315030,trastuzumab vedotin,3.0,Antibody drug conjugate,8,trastuzumab vedotin,mrg-002
CHEMBL5315040,enlonstobart,3.0,Antibody,6,enlonstobart,sg-001
CHEMBL5315042,benmelstobart,3.0,Antibody,10,benmelstobart,apl-502|apl502|cbt-502|cbt502|tqb-2450
CHEMBL5315067,autologous peripheral-blood mononuclear cells including a minimum of 50 million autologous cd54+ cells activated with prostatic acid phosphatase granulocyte-macrophage colony-stimulating factor,4.0,Unknown,2,provenge,
CHEMBL5315073,triptorelin acetate,3.0,Protein,3,ovugel,
CHEMBL5315077,tilmanocept,4.0,Small molecule,3,lymphoseek,
CHEMBL5315122,bortezomib d-mannitol,4.0,Small molecule,9,bortezomib accord|bortezomib fresenius kabi|bortezomib hospira|bortezomib sun|velcade,
CHEMBL5315124,levofloxacin,4.0,Small molecule,28,evoxil|iquix|levaquin|levofloxacin|levofloxacin,dr-3355|rwj-25213
CHEMBL532,erythromycin,4.0,Small molecule,55,akne-mycin|aknemycin plus|a/t/s|c-solve-2|e-base,j01fa01|nsc-55929
CHEMBL53463,doxorubicin,4.0,Small molecule,15,adriblastina|doxorubicin|doxorubicin|doxorubicin,nsc-123127|nsc-759155
CHEMBL535,sunitinib,4.0,Small molecule,12,sunitinib|sunitinib accord,nsc-736511|nsc-750690|su-011248|su011248|su-11248
CHEMBL538943,vinorelbine tartrate,4.0,Small molecule,15,navelbine|vinorelbine tartrate|vinorelbine tartrate,tlc-178|tlc178
CHEMBL539378,laniquidar,2.0,Small molecule,2,laniquidar,
CHEMBL545,alcohol,4.0,Small molecule,49,ablysinol|alcohol component of avagard|alcohol component of hbn-1  ethanol|methylated mineral|spirigel,b3324|fema no. 2419|nci-c03134|nsc-85228|pm-6193-200
CHEMBL545315,canertinib dihydrochloride,3.0,Small molecule,9,canertinib dihydrochloride,ci-1033|pd-0183805|pd-0183805-002b|pd-183805|sn-26606
CHEMBL547,isotretinoin,4.0,Small molecule,31,absorica|absorica ld|accutane|amnesteem|claravis,nsc-758156|pat-001|ro 4-3780|ro-4-3780|ro-43780
CHEMBL5483015,arsenic trioxide,4.0,Small molecule,23,arsenic trioxide|arsenic trioxide accord|arsenic trioxide medac|arsenic trioxide mylan|trisenox,nsc-759274|nsc-92859
CHEMBL54918,5-fluorouridine,2.0,Small molecule,2,,nsc-146604
CHEMBL549386,fotemustine,3.0,Small molecule,8,fotemustine,s-10036|s10036
CHEMBL55,pentamidine,4.0,Small molecule,15,pentacarinat|pentamidine,gnf-pf-3680|mb-800|mb-800 (as isethionate)|mb 800 free base|mb-800 free base
CHEMBL550,pilocarpine,4.0,Small molecule,13,ocusert pilo|ocusert pilo-20|ocusert pilo-40,
CHEMBL551466,aclidinium bromide,4.0,Small molecule,25,aclidinium bromide|aclidinium bromide|aclidinium bromide component of duaklir pressair|bretaris genuair|eklira,14115700|las 34273|las-34273|las34273|las 34273 micronized
CHEMBL553,erlotinib,4.0,Small molecule,11,erlotinib,"cp-358,774|cp-358774|cp-35877401|r-1415|rg-1415"
CHEMBL553025,vinorelbine,4.0,Small molecule,10,vinorelbine|vinorelbine,nsc-760087
CHEMBL554,lapatinib,4.0,Small molecule,30,lapatinib|tyverb,gsk-572016|gw-2016|gw-572016|gw572016|gw-572016x
CHEMBL55400,proflavine,2.0,Small molecule,5,proflavine,
CHEMBL556,deferoxamine,4.0,Small molecule,11,deferoxamine|deferoxamine|desferrioxamine,nsc-527604
CHEMBL55643,copper,4.0,Small molecule,16,cosmetic bronze powder vp-1|cosmetic copper powder vp-1|cu-7|paragard t 380a|tatum-t,
CHEMBL5567890,zomiradomide,2.0,Small molecule,3,zomiradomide,
CHEMBL5569567,muvadenant,2.0,Small molecule,3,muvadenant,
CHEMBL56337,epalrestat,4.0,Small molecule,7,epalrestat,
CHEMBL56367,nimesulide,4.0,Small molecule,10,aulin|nimesulide,nsc-758412|r 805|r-805
CHEMBL566,uracil,3.0,Small molecule,15,uracil,bms-205603-01|nsc-3970|sq-6201|sq-7726|sq-8493
CHEMBL567,perphenazine,4.0,Small molecule,16,chlorpiprazine|decentan|fentazin|perphenazine|perphenazine,nsc-150866
CHEMBL570,triflupromazine,4.0,Small molecule,7,nivoman|triflupromazine|vesprin|vetame,
CHEMBL571209,indoximod,2.0,Small molecule,9,indoximod|indoximod,d-1mt|nlg-8189|nsc-721782
CHEMBL571546,tirbanibulin,4.0,Small molecule,16,klisyri|tirbanibulin|tirbanibulin,kx-01|kx01|kx-2-391|kx-2391|kx2-391
CHEMBL572284,ombrabulin,3.0,Small molecule,8,ombrabulin,ac7700|ave-8062|ave8062
CHEMBL573,niacin,4.0,Small molecule,25,niacin|niacin component of advicor|niacin component of simcor|niacin td|niacor,nsc-169454
CHEMBL573352,tas-106,2.0,Small molecule,4,,
CHEMBL574,p-toluenesulfonamide,3.0,Small molecule,10,,nsc-9908
CHEMBL574737,ucn-01,2.0,Small molecule,8,,krx-0601|kw-2401|nsc-638850|ucn-01|ucn-02
CHEMBL575448,bms-754807,2.0,Small molecule,4,,bms754807|bms-754807-01
CHEMBL5754780,asaretoclax,2.0,Small molecule,3,asaretoclax,
CHEMBL576982,quizartinib,4.0,Small molecule,22,quizartinib|quizartinib,ac-010220|ac010220|ac-220|ac220|asp-2689
CHEMBL578,enalapril,4.0,Small molecule,9,enalapril|enalapril,c09aa02
CHEMBL579205,flutemetamol,4.0,Small molecule,2,,
CHEMBL58,mitoxantrone,4.0,Small molecule,8,mitoxantrone,nsc-279836
CHEMBL5800160,brimarafenib,2.0,Small molecule,3,brimarafenib,
CHEMBL582,isopropyl alcohol,4.0,Small molecule,21,isopropyl alcohol component of chloraprep|isopropyl alcohol component of duraprep|isopropyl alcohol component of soluprep|manugel|medi-swab,fema no. 2929|nsc-135801
CHEMBL58323,lacosamide,4.0,Small molecule,27,erlosamide|lacosamide|lacosamide|lacosamide|lacosamide accord,add 243037|add-243037|add243037|spm 927|spm-927
CHEMBL58752,pimonidazole,2.0,Small molecule,9,pimonidazole,nsc-380540|pd 126675|pd-126675|ro 03-8799|ro-03-8799
CHEMBL5882296,enrupatinib,2.0,Small molecule,5,enrupatinib,ei1071
CHEMBL592445,gedatolisib,3.0,Small molecule,5,gedatolisib|gedatolisib,pf-05212384|pki-587
CHEMBL592868,estrogen,3.0,Small molecule,1,,
CHEMBL5939817,zeprumetostat,2.0,Small molecule,3,zeprumetostat,
CHEMBL595,pioglitazone,4.0,Small molecule,10,pioglitazone|pioglitazone,ad-4833|u-72107
CHEMBL596,fentanyl,4.0,Small molecule,61,breakyl|duragesic|duragesic-100|duragesic-12|duragesic-25,ad 923|ad-923|en-3267|ids-nf-001|n02ab03
CHEMBL599,meloxicam,4.0,Small molecule,61,acticam|anjeso|contacera|emdocam|flexicam,n-1539|n1539|uh-ac 62xx|uh-ac-62 xx
CHEMBL599552,indigo,3.0,Small molecule,17,,c.i.73000|nsc-8645
CHEMBL6,indomethacin,4.0,Small molecule,52,artracin|artracin sr|berlind 75 ret|flexin-25 continus|flexin-50 continus,nsc-757061|nsc-77541
CHEMBL601,aminolevulinic acid,4.0,Small molecule,3,,
CHEMBL601719,crizotinib,4.0,Small molecule,12,crizotinib|crizotinib|xalkori,nsc-756645|pf-02341066
CHEMBL603,zafirlukast,4.0,Small molecule,14,accolate|zafirlukast|zafirlukast|zafirlukast|zafirlukast,"ici 204,219|ici-204219"
CHEMBL603469,lestaurtinib,3.0,Small molecule,12,lestaurtinib|lestaurtinib,a-154475|a-154475.0|cep-701|kt-555|kt-5555
CHEMBL6067481,colistin,4.0,Unknown,8,colistin|sogecoli,
CHEMBL6067485,gentamicin,4.0,Small molecule,12,gentamicin|gentamicin,
CHEMBL6067492,bleomycin,4.0,Unknown,11,bleo|bleomycin,nsc-125066
CHEMBL6067493,bleomycin sulfate,4.0,Unknown,12,blenoxane|bleomycin sulfate|bleomycin sulfate,
CHEMBL6067962,sodium stibogluconate,4.0,Small molecule,12,pentostam|sodium stibogluconate,
CHEMBL6067966,dazostinag,2.0,Small molecule,7,dazostinag|dazostinag,tak-676
CHEMBL6067967,nedometinib,2.0,Small molecule,4,nedometinib,nfx-179
CHEMBL6068000,idroxioleic acid,2.0,Small molecule,11,idroxioleic acid|idroxioleic acid,2-ohoa|nfx-88|nfx88|sml-0256|sml0256
CHEMBL6068008,asandeutertinib,2.0,Small molecule,4,asandeutertinib,
CHEMBL6068010,flezurafenib,2.0,Small molecule,3,flezurafenib,
CHEMBL6068011,foselutoclax,2.0,Small molecule,4,foselutoclax,
CHEMBL6068012,fovinaciclib,2.0,Small molecule,3,fovinaciclib,
CHEMBL6068016,ibrilatazar,2.0,Small molecule,10,ibrilatazar,abtl0812|lp-10218|lp10218|scln-0812|scln0812
CHEMBL6068018,inlexisertib,2.0,Small molecule,5,inlexisertib,dcc-3116 free base|dcc3116 free base
CHEMBL6068019,iodofalan i-131,2.0,Small molecule,11,iodofalan (131i)|iodofalan i-131,131i-tlx-101|acd-101
CHEMBL6068021,lirodegimod,2.0,Small molecule,3,lirodegimod,
CHEMBL6068023,neladalkib,2.0,Small molecule,3,neladalkib,
CHEMBL6068027,potrasertib,2.0,Small molecule,3,potrasertib,
CHEMBL6068032,surzetoclax,2.0,Small molecule,3,surzetoclax,
CHEMBL6068034,talorasib,2.0,Small molecule,3,talorasib,
CHEMBL6068036,vilzemetkib,2.0,Small molecule,3,vilzemetkib,
CHEMBL6068037,zamzetoclax,2.0,Small molecule,3,zamzetoclax,
CHEMBL6068044,bosmolisib,2.0,Small molecule,5,bosmolisib,br-101801|br101801
CHEMBL6068047,deulorlatinib,2.0,Small molecule,3,deulorlatinib,
CHEMBL6068052,fanregratinib,2.0,Small molecule,3,fanregratinib,
CHEMBL6068059,luvometinib,2.0,Small molecule,5,luvometinib,fcn159
CHEMBL6068060,mocaciclib,2.0,Small molecule,4,mocaciclib,cdk7-in-21
CHEMBL6068061,mosperafenib,2.0,Small molecule,3,mosperafenib,
CHEMBL6068064,orenasitecan,2.0,Small molecule,3,orenasitecan,
CHEMBL6068067,lead (212pb) bamzireotide navoxetan,2.0,Protein,3,lead (212pb) bamzireotide navoxetan,
CHEMBL6068068,lead (212pb) lapemelanotide zapixetan,2.0,Protein,3,lead (212pb) lapemelanotide zapixetan,
CHEMBL6068069,ranosidenib,2.0,Small molecule,4,ranosidenib,
CHEMBL6068072,remzistotug,2.0,Antibody,5,remzistotug,gsk-4381562a|gsk4381562a
CHEMBL6068074,sevabertinib,2.0,Small molecule,3,sevabertinib,
CHEMBL6068075,soxataltinib,2.0,Small molecule,3,soxataltinib,
CHEMBL6068078,veonetinib,2.0,Small molecule,3,veonetinib,
CHEMBL6068086,aldastotug,2.0,Antibody,4,aldastotug,
CHEMBL6068087,amostomig,2.0,Antibody,3,amostomig,
CHEMBL6068088,amulirafusp alfa,2.0,Protein,3,amulirafusp alfa,
CHEMBL6068089,ansipastobart,2.0,Antibody,3,ansipastobart,
CHEMBL6068090,aplitabart,2.0,Antibody,7,aplitabart,igm-8444|igm8444
CHEMBL6068091,atigotatug,2.0,Antibody,6,atigotatug,bms-986012
CHEMBL6068092,azirkitug,2.0,Protein,3,azirkitug,
CHEMBL6068093,belacabnagene franleucel,2.0,Gene,3,belacabnagene franleucel,
CHEMBL6068095,bexatamig,2.0,Antibody,3,bexatamig,
CHEMBL6068098,cafelkibart,2.0,Antibody,5,cafelkibart,lm108
CHEMBL6068099,calotatug,2.0,Antibody,5,calotatug,xmt-1519|xmt1519
CHEMBL6068100,calotatug ginistinag,2.0,Antibody,3,calotatug ginistinag,
CHEMBL6068102,cesnicabtagene autoleucel,2.0,Gene,3,cesnicabtagene autoleucel,
CHEMBL6068107,cugrastomig,2.0,Antibody,3,cugrastomig,
CHEMBL6068108,denikitug,2.0,Antibody,3,denikitug,
CHEMBL6068109,dibotatug,2.0,Antibody,4,dibotatug,
CHEMBL6068110,donitabart,2.0,Antibody,3,donitabart,
CHEMBL6068117,elzocabtagene autoleucel,2.0,Gene,3,elzocabtagene autoleucel,
CHEMBL6068118,emiltatug,2.0,Antibody,5,emiltatug,xmt-1604|xmt1604
CHEMBL6068119,emiltatug ledadotin,2.0,Antibody,3,emiltatug ledadotin,
CHEMBL6068120,epsametostat,2.0,Small molecule,4,epsametostat,(r)-hh-2853
CHEMBL6068121,etakafusp alfa,2.0,Protein,5,etakafusp alfa,ab-248
CHEMBL6068122,gimistotug,3.0,Antibody,5,gimistotug,bgba445
CHEMBL6068123,gocatamig,2.0,Antibody,3,gocatamig,
CHEMBL6068126,invikafusp alfa,2.0,Protein,3,invikafusp alfa,
CHEMBL6068127,lanerkitug,2.0,Antibody,5,lanerkitug,bay 3375968|bay-3375968
CHEMBL6068130,linclatamig,2.0,Antibody,3,linclatamig,
CHEMBL6068135,lumistobart,2.0,Antibody,5,lumistobart,br-105|br105
CHEMBL6068136,lunbotinib,2.0,Small molecule,3,lunbotinib,
CHEMBL6068137,lutetium (lu177) rosopatamab tetraxetan,2.0,Antibody,3,lutetium (lu177) rosopatamab tetraxetan,
CHEMBL6068140,micvotabart,2.0,Antibody,3,micvotabart,
CHEMBL6068141,micvotabart pelidotin,2.0,Antibody,3,micvotabart pelidotin,
CHEMBL6068143,mipletamig,2.0,Antibody,3,mipletamig,
CHEMBL6068144,misitatug,2.0,Antibody,3,misitatug,
CHEMBL6068145,misitatug blivedotin,2.0,Antibody,3,misitatug blivedotin,
CHEMBL6068146,mozistobart,2.0,Antibody,4,mozistobart,
CHEMBL6068147,mozistobart zoratolimod,2.0,Antibody,3,mozistobart zoratolimod,
CHEMBL6068149,nendocabtagene onogedleucel,2.0,Gene,7,nendocabtagene onogedleucel,allo 715|allo-715|allo715
CHEMBL6068151,obrixtamig,2.0,Antibody,5,obrixtamig,bi-764532|bi764532
CHEMBL6068154,olintatug,2.0,Antibody,3,olintatug,
CHEMBL6068155,olintatug tesirine,2.0,Antibody,3,olintatug tesirine,
CHEMBL6068157,opugotamig olatansine,2.0,Antibody,3,opugotamig olatansine,
CHEMBL6068158,osencabtagene autoleucel,2.0,Gene,3,osencabtagene autoleucel,
CHEMBL6068161,paluratide,2.0,Protein,3,paluratide,
CHEMBL6068162,palverafusp alfa,2.0,Protein,5,palverafusp alfa,imm-2510
CHEMBL6068163,podentamig,2.0,Antibody,4,podentamig,hpn-217
CHEMBL6068164,precemtabart,2.0,Antibody,3,precemtabart,
CHEMBL6068165,precemtabart tocentecan,2.0,Antibody,3,precemtabart tocentecan,
CHEMBL6068167,remvulimorgene autoleucel,2.0,Gene,3,remvulimorgene autoleucel,
CHEMBL6068168,rinatabart,2.0,Antibody,4,rinatabart,pro-1184 mab
CHEMBL6068169,rinatabart sesutecan,2.0,Antibody,3,rinatabart sesutecan,
CHEMBL6068170,samatatug,2.0,Antibody,4,samatatug,xb-002 mab
CHEMBL6068171,samatatug zovodotin,2.0,Antibody,3,samatatug zovodotin,
CHEMBL6068173,setidegrasib,2.0,Small molecule,3,setidegrasib,
CHEMBL6068177,talogreptide mesaroxetan,2.0,Small molecule,4,talogreptide mesaroxetan,sar-bbn free base non-labeled
CHEMBL6068178,tazlestobart,2.0,Antibody,3,tazlestobart,
CHEMBL6068179,tecotabart,2.0,Antibody,4,tecotabart,lm-102
CHEMBL6068180,tecotabart vedotin,2.0,Antibody,3,tecotabart vedotin,
CHEMBL6068181,telisotuzumab adizutecan,2.0,Antibody,3,telisotuzumab adizutecan,
CHEMBL6068182,tilatamig,2.0,Antibody,3,tilatamig,
CHEMBL6068183,tilatamig samrotecan,2.0,Antibody,3,tilatamig samrotecan,
CHEMBL6068184,trastuzumab envedotin,3.0,Antibody drug conjugate,5,trastuzumab envedotin,dp-303c
CHEMBL6068186,ulintoclax pegondrimer,2.0,Small molecule,3,ulintoclax pegondrimer,
CHEMBL6068187,umikibart,2.0,Antibody,5,umikibart,yyb-101
CHEMBL6068189,vislarafusp alfa,2.0,Protein,5,vislarafusp alfa,imm-2902
CHEMBL6068195,zubotamig,2.0,Antibody,3,zubotamig,
CHEMBL6068196,abipapogene suvaplasmid,2.0,Gene,5,abipapogene suvaplasmid,vb-10.16
CHEMBL6068197,adargiminase,2.0,Enzyme,3,adargiminase,
CHEMBL6068199,alcestobart,2.0,Antibody,3,alcestobart,
CHEMBL6068207,atenastobart,2.0,Antibody,3,atenastobart,
CHEMBL6068208,azerutamig,2.0,Antibody,3,azerutamig,
CHEMBL6068210,becotatug vedotin,3.0,Antibody drug conjugate,7,becotatug vedotin,
CHEMBL6068215,brivestobart,2.0,Antibody,4,brivestobart,
CHEMBL6068220,casdatifan,2.0,Small molecule,3,casdatifan,
CHEMBL6068221,caxmotabart,2.0,Antibody,3,caxmotabart,
CHEMBL6068222,caxmotabart entudotin,2.0,Antibody,3,caxmotabart entudotin,
CHEMBL6068223,cetuximab beta,2.0,Antibody,3,cetuximab beta,
CHEMBL6068224,ciletatug,2.0,Antibody,3,ciletatug,
CHEMBL6068225,ciletatug vedotin,2.0,Antibody,3,ciletatug vedotin,
CHEMBL6068226,cizutamig,2.0,Antibody,4,cizutamig,
CHEMBL6068227,clesitamig,2.0,Antibody,3,clesitamig,
CHEMBL6068228,comsaleucel,2.0,Cell,4,comsaleucel,
CHEMBL6068235,eclutatug,2.0,Antibody,4,eclutatug,
CHEMBL6068236,efarindodekin alfa,2.0,Protein,3,efarindodekin alfa,
CHEMBL6068237,efdelikofusp alfa,2.0,Protein,3,efdelikofusp alfa,
CHEMBL6068239,efgitasialase alfa,2.0,Enzyme,3,efgitasialase alfa,
CHEMBL6068243,efzilonkofusp alfa,2.0,Protein,3,efzilonkofusp alfa,
CHEMBL6068244,eltivutabart,2.0,Antibody,3,eltivutabart,
CHEMBL6068246,emunkitug,2.0,Antibody,5,emunkitug,hfb-200301
CHEMBL6068247,etivelcabtagene erigedleucel,2.0,Gene,3,etivelcabtagene erigedleucel,
CHEMBL6068248,felmetatug,2.0,Antibody,3,felmetatug,
CHEMBL6068249,felmetatug vedotin,2.0,Antibody,3,felmetatug vedotin,
CHEMBL6068256,intismeran autogene,2.0,Oligonucleotide,4,intismeran autogene,mrna4157
CHEMBL6068257,itanistomig,2.0,Antibody,3,itanistomig,
CHEMBL6068258,larnefpendekin alfa,2.0,Protein,3,larnefpendekin alfa,
CHEMBL6068259,lasmecabtagene timgedleucel,2.0,Gene,3,lasmecabtagene timgedleucel,
CHEMBL6068260,linoserpaturev,2.0,Unknown,3,linoserpaturev,
CHEMBL6068263,lutadenovec autogene,2.0,Gene,4,lutadenovec autogene,
CHEMBL6068264,macitegtagene autoleucel,2.0,Gene,3,macitegtagene autoleucel,
CHEMBL6068265,mavrostobart,2.0,Antibody,5,mavrostobart,pt-199
CHEMBL6068270,nespecabtagene autoleucel,2.0,Gene,3,nespecabtagene autoleucel,
CHEMBL6068273,nuvustotug,2.0,Antibody,3,nuvustotug,
CHEMBL6068274,omectatug,2.0,Antibody,3,omectatug,
CHEMBL6068276,otekinogene vusaplasmid,2.0,Gene,3,otekinogene vusaplasmid,
CHEMBL6068277,pamlectabart,2.0,Antibody,4,pamlectabart,j22.9-isy-d265c
CHEMBL6068278,pamlectabart tismanitin,2.0,Antibody,4,pamlectabart tismanitin,j22.9-isy-d265c-30.2115
CHEMBL6068280,pasritamig,2.0,Antibody,4,pasritamig,
CHEMBL6068281,peluntamig,2.0,Antibody,4,peluntamig,
CHEMBL6068282,persicabtagene lemgedleucel,2.0,Gene,3,persicabtagene lemgedleucel,
CHEMBL6068290,safimestomig,2.0,Antibody,4,safimestomig,
CHEMBL6068291,sapecmeran autogene,2.0,Oligonucleotide,4,sapecmeran autogene,
CHEMBL6068292,senacnagene enfaleucel,2.0,Gene,3,senacnagene enfaleucel,
CHEMBL6068294,solabafusp alfa,2.0,Protein,3,solabafusp alfa,
CHEMBL6068295,solnerstotug,2.0,Antibody,4,solnerstotug,sns-101
CHEMBL6068296,sonesitatug,2.0,Antibody,5,sonesitatug,cm-311|cm311
CHEMBL6068297,sonesitatug vedotin,2.0,Antibody,3,sonesitatug vedotin,
CHEMBL6068299,sovipostobart beta,2.0,Antibody,3,sovipostobart beta,
CHEMBL6068300,spevatamig,2.0,Antibody,4,spevatamig,pt-886
CHEMBL6068301,surovatamig,2.0,Antibody,6,surovatamig,azd-0486|tnb-486
CHEMBL6068306,tizetatug,2.0,Antibody,5,tizetatug,hrp-02606|hrp02606
CHEMBL6068307,tizetatug rezetecan,2.0,Antibody,3,tizetatug rezetecan,
CHEMBL6068308,tovecimig,2.0,Antibody,3,tovecimig,
CHEMBL6068309,trastuzumab pamirtecan,2.0,Antibody drug conjugate,4,trastuzumab pamirtecan,db-1303
CHEMBL6068310,trevotamig,2.0,Antibody,3,trevotamig,
CHEMBL6068313,velinotamig,2.0,Antibody,3,velinotamig,
CHEMBL6068316,vispacabtagene regedleucel,2.0,Gene,3,vispacabtagene regedleucel,
CHEMBL6068319,zabilugene almadenorepvec,2.0,Gene,3,zabilugene almadenorepvec,
CHEMBL6068423,estetrol,4.0,Small molecule,6,estetrol|estetrol component of nextstellis|estetrol monohydrate,e4 hydrous
CHEMBL6068451,ivonescimab,3.0,Antibody,7,ivonescimab,ak-112|ak112|smt-112|smt112
CHEMBL6068465,uzatresgene autoleucel,2.0,Gene,5,uzatresgene autoleucel|uzatresgene autoleucel,adp-a2m4cd8
CHEMBL6068497,omidubicel non-cultured fraction,4.0,Cell,2,omidubicel non-cultured fraction component of omisirge,
CHEMBL6068503,selenium,3.0,Small molecule,4,b-traxim se|selsaf 2000,se
CHEMBL6068562,sph-5030,2.0,Small molecule,2,,
CHEMBL6068592,tinzaparin,3.0,Oligosaccharide,1,,
CHEMBL6068600,zen-3694,2.0,Small molecule,4,,zen3694
CHEMBL607023,tempol,2.0,Small molecule,8,,mbm-02|nsc-142784|spj-701|zj-701
CHEMBL607707,pelitinib,2.0,Small molecule,5,pelitinib|pelitinib,ekb-569|way-ekb-569
CHEMBL608533,midostaurin,4.0,Small molecule,19,midostaurin|midostaurin|rydapt,cgp 41251|cgp-41251|nsc-656576|nvp-pkc412|pkc 412
CHEMBL61511,perfosfamide,2.0,Small molecule,9,perfosfamide|perfosfamide|pergamid,4-hc|nsc-181815
CHEMBL61872,talampanel,2.0,Small molecule,7,talampanel,gyki-53773|ly-300164
CHEMBL622,etodolac,4.0,Small molecule,33,ebretin|etodolac|etodolac|etodolac|etodolac,"ay-24,236|ay-24-236|ay-24236|nih-9918|nsc-282126"
CHEMBL628,pentoxifylline,4.0,Small molecule,25,neotren mr|oxpentifylline|pentoxifylline|pentoxifylline|pentoxifylline,bl 191|bl-191|c04ad03|nsc-637086|nsc-758481
CHEMBL635,prednisone,4.0,Small molecule,32,cortan|cortancyl|decortisyl|delta-dome|deltasone,nsc-10023
CHEMBL641,atomoxetine,4.0,Small molecule,10,atomoxetine|atomoxetine|atomoxetine component of ad-109|atomoxetine component of ad109|atomoxetine component of ad-313,
CHEMBL64130,napabucasin,3.0,Small molecule,10,napabucasin|napabucasin,bbi-608|bbi608
CHEMBL64391,itraconazole,4.0,Small molecule,36,fungitraxx|itraconazole|itraconazole|itraconazole|itraconazole,"nsc-759239|r 51,211|r-51211"
CHEMBL645,bisoprolol,4.0,Small molecule,9,bisoprolol|bisoprolol|bisoprolol,"cl 297,939|emd 33 512"
CHEMBL650,methylprednisolone,4.0,Small molecule,15,medrol|medrone|methylprednisolone|methylprednisolone|methylprednisolone component of neo-medrol,"j3.872e|nsc-19987|u-67,590a"
CHEMBL651,methadone,4.0,Small molecule,15,methadone,ids-nm-002
CHEMBL65375,tipiracil hydrochloride,4.0,Small molecule,9,tipiracil hydrochloride|tipiracil hydrochloride component of lonsurf|tipiracil hydrochloride component of s-95005|tipiracil hydrochloride component of tas-102,tas-1-462|tpi
CHEMBL655,midazolam,4.0,Small molecule,14,midazolam|midazolam|midazolam in 0.8% sodium chloride|midazolam in 0.9% sodium chloride|nayzilam,usl-261|usl261
CHEMBL656,oxycodone,4.0,Small molecule,26,oxycodone|oxycodone|oxycodone|proladone|xtampza er,ids-no-002|n02aa05|nsc-19043|pf-00345439|pti-821
CHEMBL657,diphenhydramine,4.0,Small molecule,6,diphenhydramine,
CHEMBL671,thiotepa,4.0,Small molecule,18,tepadina|tepylute|thioplex|thiotepa|thiotepa,nsc-6396
CHEMBL67279,talabostat,3.0,Small molecule,5,talabostat|talabostat,pt-100
CHEMBL675,alendronate sodium,4.0,Small molecule,23,alendronate sodium|alendronate sodium|alendronate sodium component of fosamax plus d|binosto|fosamax,"g-704,650|g-704650|mk-217|nsc-722597|nsc-758931"
CHEMBL679,epinephrine,4.0,Small molecule,67,adrenaclick|adrenalin|adren co|ana-guard|ana-kit,nsc-62786
CHEMBL68117,vosaroxin,3.0,Small molecule,9,vosaroxin|vosaroxin,ag-7352|sns-595|spc-595
CHEMBL685,mebendazole,4.0,Small molecule,24,emverm|mebendazole|mebendazole|mebendazole|mebenvet,"nsc-184849|r 17,635|r-17635"
CHEMBL688,fentanyl citrate,4.0,Small molecule,29,abstral|actiq|effentora|fentanyl citrate|fentanyl citrate,mcn-jr-4263-49|r-4263
CHEMBL689,mannitol,4.0,Small molecule,43,aridol kit|bronchitol|diosmol|mannitol component of sorbitol-|osmitrol,e-421|ins-421|ins no.421|nsc-407017
CHEMBL690,pravastatin sodium,4.0,Small molecule,20,elisor|lipemol|liplat|lipostat|pravachol,"cs-514|nsc-759253|sq-31,000|sq-31000"
CHEMBL691,ethinyl estradiol,4.0,Small molecule,96,estinyl|ethinylestradiol|ethinyl estradiol component of alesse|ethinyl estradiol component of altavera|ethinyl estradiol component of annovera,nsc-10973
CHEMBL70,morphine,4.0,Small molecule,16,,ids-nm-009|n02aa01
CHEMBL702,piperacillin,4.0,Small molecule,13,piperacillin|piperacillin,
CHEMBL704,mesalamine,4.0,Small molecule,34,apriso|asacol|asacol hd|canasa|coltec ec,max-002|nsc-38877
CHEMBL705,alitretinoin,4.0,Small molecule,27,alitretinoin|alitretinoin|alitretinoin|panretin|toctino,agn 192013|agn-192013|agn192013|alrt-1057|alrt1057
CHEMBL710,finasteride,4.0,Small molecule,20,aindeem|finasteride|finasteride|finasteride|finasteride,mk-906|nsc-741485|nsc-759318
CHEMBL71263,vadimezan,3.0,Small molecule,7,vadimezan,as-1404|asa-404|asa404|dmxaa|nsc-640488
CHEMBL715,olanzapine,4.0,Small molecule,40,arkolamyl|olansek|olanzapine|olanzapine|olanzapine,ly-170053|ly170053
CHEMBL71595,hydrogen peroxide,4.0,Small molecule,14,crystacide|eskata|hioxyl|peroxyl,a-101|nsc-19892
CHEMBL717,medroxyprogesterone acetate,4.0,Small molecule,36,adgyn medro|amen|climanor|curretab|cycrin,g03ac06|nsc-21171|nsc-26386|nsc-27408|tv-46046
CHEMBL723,carvedilol,4.0,Small molecule,34,artist|carvedilol|carvedilol|carvedilol|carvedilol,bm 14.190|bm-14-190|bm-14.190|bm-14190|c07ag02
CHEMBL727,thioguanine,4.0,Small molecule,20,lanvis|tabloid|thioguanine|thioguanine|tioguanine,nsc-752|nsc-76504
CHEMBL728,prochlorperazine,4.0,Small molecule,12,compazine|compro|prochlorperazine|prochlorperazine|stemetil eff,
CHEMBL730,nitroglycerin,4.0,Small molecule,58,coro-nitro|deponit 10|deponit 5|glytrin|gonitro,c01da02
CHEMBL7301,fenretinide,3.0,Small molecule,12,fenretinide|fenretinide,mcn-r-1967|nsc-760419
CHEMBL73822,apaziquone,3.0,Small molecule,12,apaziquone|apaziquone,eo-9|eo9|nor-701|nsc-382456|nsc-382459
CHEMBL74,cromolyn sodium,4.0,Small molecule,56,aerocrom|allercrom|aspire|brol-eze|catacrom,fpl-670|fpl.670|nsc-109500
CHEMBL742,ketamine,4.0,Small molecule,21,ketalar|ketamine|ketamine|ketamine component of ketafol,nsc-70151|pmi-150
CHEMBL74415,cannabinol,3.0,Small molecule,3,cannabinol,nsc-134455
CHEMBL7492,piritrexim,2.0,Small molecule,8,piritrexim,tcmdc-137235
CHEMBL75094,prinomastat,3.0,Small molecule,7,prinomastat|prinomastat,ag-3340|ag3340|kb-r-9896
CHEMBL75133,irx-4204,2.0,Small molecule,7,,agn-194204|agn194204|kb-145960|nrx-194204|nrx194204
CHEMBL7568,quinacrine,4.0,Small molecule,9,mepacrine|mepacrine,gnf-pf-5448
CHEMBL76,chloroquine,4.0,Small molecule,6,chloroquine,nsc-187208
CHEMBL760,anagrelide,4.0,Small molecule,6,anagrelide|anagrelide,
CHEMBL76222,rebimastat,2.0,Small molecule,8,rebimastat|rebimastat,bms-275291|bms 275291-01|bms-275291-01|d-2163|d2163
CHEMBL766,cilastatin,4.0,Small molecule,7,cilastatin|cilastatin,
CHEMBL77305,rubitecan,3.0,Small molecule,11,rubitecan|rubitecan,rfs 2000|rfs-2000|rfs2000
CHEMBL77517,indisulam,2.0,Small molecule,7,indisulam|indisulam|indisulam,e-7070|e7070
CHEMBL777,clavulanic acid,4.0,Small molecule,9,clavulanic acid,brl 14151|brl-14151|rx-10100
CHEMBL778,dexmedetomidine,4.0,Small molecule,9,dexmedetomidine|dexmedetomidine|dexmedetomidine,mpv-1440
CHEMBL779,tadalafil,4.0,Small molecule,31,adcirca|adcirca (previously tadalafil lilly)|chewtadzy|cialis|tadalafil,ic-351|ic351|ly-450190|ly450190|nsc-750236
CHEMBL786,tamoxifen citrate,4.0,Small molecule,36,emblon|fentamox 10|fentamox 20|kentadex|kessar 10,"ici 46,474|ici-46474|i.c.i.46474 citrate|nsc-180973|nsc-757345"
CHEMBL79,lidocaine,4.0,Small molecule,35,alphacaine|dentipatch|lidocaine|lidocaine|lidocaine component of emla,algrx 3268|algrx-3268|nsc-40030
CHEMBL796,methylphenidate,4.0,Small molecule,13,cotempla xr-odt|daytrana|methylphenidate|methylphenidate|methylphenidate,
CHEMBL8,ciprofloxacin,4.0,Small molecule,25,cetraxal|cipro|ciprofloxacin|ciprofloxacin|ciprofloxacin,bay o 9867 free base|bay-o-9867 free base|bay q 3939|bay-q-3939|bayq3939
CHEMBL802,minoxidil,4.0,Small molecule,38,loniten|lonolox|men's rogaine|minodyl|minoxidil,"nsc-757106|u-10,858|u-10858"
CHEMBL803,cytarabine,4.0,Small molecule,36,alexan|alexan 100|cytarabine|cytarabine|cytarabine,"nsc-287459|u-19,920|u-19920"
CHEMBL806,flutamide,4.0,Small molecule,18,chimax|drogenil|eulexin|flutamide|flutamide,nsc-215876|sch 13521|sch-13521
CHEMBL81,raloxifene,4.0,Small molecule,13,raloxifene|raloxifene,j22.982b|ly-139481|nsc-747974
CHEMBL810,temozolomide,4.0,Small molecule,30,temodal|temodar|temomedac|temozolomide|temozolomide,ccrg-81045|m-39831|m&b 39831|m&b-39831|nsc-362856
CHEMBL816,ethylenediamine,3.0,Small molecule,7,edamine,pb-05721|pb05721
CHEMBL820,busulfan,4.0,Small molecule,23,busilvex|busulfan|busulfan|busulfan|busulfan fresenius kabi,nci-c01592|nsc-750
CHEMBL821,guanidine,4.0,Small molecule,2,,
CHEMBL82301,vicriviroc,3.0,Small molecule,6,vicriviroc,mk-7690|sch-417690 free base|sch-d
CHEMBL83,tamoxifen,4.0,Small molecule,12,tamoxifen|tamoxifen,ici-47699|nsc-727681
CHEMBL830,eflornithine,4.0,Small molecule,6,eflornithine|eflornithine,
CHEMBL834,pamidronic acid,4.0,Small molecule,7,pamidronic acid,
CHEMBL83527,pterostilbene,2.0,Small molecule,5,pterostilbene component of eh-301,
CHEMBL836,tamsulosin,4.0,Small molecule,11,tamsulosin|tamsulosin,hgp-0412|hip-1402|hip1402
CHEMBL837,7-ethyl-10-hydroxycamptothecin,2.0,Small molecule,13,,it-141|nk 012|nk-012|nk012|sn 38
CHEMBL84,topotecan,4.0,Small molecule,14,topotecan|topotecan,nsc-609699|nsc-641007|sk&f-104864|skf-104864
CHEMBL841,loperamide,4.0,Small molecule,7,loperamide|loperamide,
CHEMBL843,rosiglitazone maleate,4.0,Small molecule,15,avandia|rosiglitazone maleate|rosiglitazone maleate|rosiglitazone maleate component of avandamet|rosiglitazone maleate component of avandaryl,brl-49653-c|brl-49653c|nsc-717764
CHEMBL846,calcitriol,4.0,Small molecule,24,calcijex|calcitriol|calcitriol|calcitriol|calcitriol,ro 21-5535|ro-21-5535|ro-215535
CHEMBL848,lenalidomide,4.0,Small molecule,17,lenalidomide|lenalidomide|lenalidomide|lenalidomide accord|lenalidomide mylan,cc-5013|cdc-501|nsc-747972|syp-1512
CHEMBL852,melphalan,4.0,Small molecule,26,alkeran|melphalan|melphalan|melphalan,cb 3025|cb-3025|nci-c04853|nsc-241286|nsc-8806
CHEMBL86,metoclopramide,4.0,Small molecule,11,metoclopramide|metoclopramide,
CHEMBL870,alendronic acid,4.0,Small molecule,10,alendronic acid|binosto|fosamax,
CHEMBL877,tranexamic acid,4.0,Small molecule,36,cyklo-f heavy period relief|cyklokapron|exacyl|lysteda|menstralite,cl 65336|cl-65336|cl65336|lb-1148|lb1148
CHEMBL888,gemcitabine,4.0,Small molecule,12,gemcitabine|gemcitabine|gemcitabine|gemzar,ly-188011|ly188011|nsc-613327
CHEMBL889,palifosfamide,3.0,Small molecule,10,palifosfamide|palifosfamide,ipm|nsc-297900|zio-201
CHEMBL902,famotidine,4.0,Small molecule,42,famotidine|famotidine|famotidine|famotidine|famotidine component of duexis,l 643341|mk-208|nsc-757810|ym-11170
CHEMBL90555,vincristine,4.0,Small molecule,14,vincristine|vincristine,
CHEMBL90593,prasterone,4.0,Small molecule,23,dhea|enzymatic therapy|intrarosa|natrol dhea|prasterone,em-760|nsc-9896
CHEMBL908,chlorprothixene,4.0,Small molecule,19,chlorprothixene|chlorprothixene|chlorprothixene|taractan|truxal,n-714|n-714ro 4-0403|nsc-18720|ro 4-0403|ro-4-0403
CHEMBL917,floxuridine,4.0,Small molecule,17,floxuridine|floxuridine|floxuridine|f.u.d.r.|fudr,fudr|nsc-27640
CHEMBL9194,atrasentan,3.0,Small molecule,3,atrasentan,
CHEMBL92,docetaxel anhydrous,4.0,Small molecule,16,docefrez|docetaxel kabi|docetaxel mylan|docetaxel teva pharma|docetaxel winthrop,ckd-810|nsc-628503
CHEMBL923,risedronic acid,4.0,Small molecule,9,risedronic acid,m05ba07
CHEMBL924,zoledronic acid anhydrous,4.0,Small molecule,3,,
CHEMBL93,zileuton,4.0,Small molecule,14,zileuton|zileuton|zileuton|zyflo|zyflo cr,a-64077|abbott-64077|nsc-730712|nsc-759277
CHEMBL930,glutamine,4.0,Small molecule,16,endari|glutamine|glutamine|nutrestore,fema no. 3684|nsc-27421
CHEMBL932,dipyridamole,4.0,Small molecule,27,attia|cerebrovase 100|cerebrovase 25|dipyridamole|dipyridamole,b01ac07|nsc-515776|ra-8
CHEMBL939,gefitinib,4.0,Small molecule,15,gefitinib|gefitinib|gefitinib|gefitinib mylan|iressa,nsc-759856|zd-1839|zd1839
CHEMBL940,gabapentin,4.0,Small molecule,21,gabapentin|gabapentin|gabapentin|gabapentin|gralise,ci-945|dm-1796|goe 3450|goe-3450|nsc-742194
CHEMBL941,imatinib,4.0,Small molecule,24,imatinib|imatinib,nsc-743414|nsc-759854
CHEMBL94657,patupilone,3.0,Small molecule,14,patupilone,epo 906|epo-906|epo906|epo 906a|epo-906a
CHEMBL9509,silibinin,3.0,Small molecule,12,silibinin,
CHEMBL95431,carboxyamidotriazole,3.0,Small molecule,3,,l 651582|nsc-609974
CHEMBL960,leflunomide,4.0,Small molecule,31,arava|leflunomide|leflunomide|leflunomide|leflunomide,hwa-486|l04aa13|nsc-677411|nsc-759864|su-101
CHEMBL96172,epothilone d,2.0,Small molecule,10,,kos-862|nsc-703147|r-1492|r1492
CHEMBL964,disulfiram,4.0,Small molecule,13,antabuse|disulfiram|disulfiram|esperal,nsc-25953|ora-102|ora102
CHEMBL972,selegiline,4.0,Small molecule,10,emsam|selegiline|selegiline|selegiline,
CHEMBL975,mesna,4.0,Small molecule,18,mesna|mesna|mesna|mesna|mesnex,d 7093|d-7093|nsc-113891
CHEMBL98,vorinostat,4.0,Small molecule,14,vorinostat|vorinostat|zolinza,mk-0683|mk0683|nsc-701852|nsc-748799|nsc-759852
CHEMBL985,urea,4.0,Small molecule,27,aquadrate|balneum plus|calmurid|eucerin|flexifoot,e-927a|ins-927a|ins no.927a|nsc-34375
CHEMBL997,ibandronic acid,4.0,Small molecule,9,ibandronic acid,nsc-722623
CHEMBL998,loratadine,4.0,Small molecule,29,alavert|children's claritin|claritin|claritin hives relief|claritin hives relief reditab,bay76-2211|nsc-758628|sch 29851|sch-29851
